TYMP,TERT,FGFR1,TRIM33,TP53BP1,KLF4,AKR1B1,JUN,EPAS1,CTNNB1,PKM,CEBPB,ZEB1,SOD1,NKX3-1,GSR,HESX1,DDIT3,ETV5,HEY2,HEY1,PSAT1,CEBPD,DEC1,classes
0,0,1,1,1,1,1,0,0,1,0.9996108681582626,0.0,0.0,0.9997085074506051,0.7048327646991335,0.0,0.0,0.0,0.9665245832868518,0.0,0.0,0.9981600635844131,0.0,0.0,0
0,0,1,1,1,1,0,0,1,1,0.9968793398368513,0.0,0.0,0.9997723919394915,0.9988318916368278,0.0,0.0,0.0,0.0,0.0,0.0,0.9996863942261713,0.0,0.0,0
0,1,1,1,0,1,1,0,1,1,0.9959708147337499,0.0,0.0,0.9971831167358665,0.909665529398267,0.9602629513889184,0.0,0.7048327646991335,0.0,0.9470706478808203,0.0,0.0,0.7048327646991335,0.0,0
0,0,0,1,0,1,1,0,0,1,0.9734895107734577,0.5,0.0,0.9710826421944466,0.0,0.5,0.0,0.0,0.0,0.0,0.0,0.0,0.0,0.0,0
0,0,1,1,1,1,0,0,1,1,0.994605046333243,0.0,0.0,0.9950265092126607,0.0,0.7048327646991335,0.0,0.0,0.0,0.5,0.0,0.5,0.0,0.0,0
0,0,1,1,1,1,1,0,1,1,0.9987733738255212,0.5,0.0,0.9986367905795659,0.9208331516788689,0.936548965138893,0.0,0.9208331516788689,0.5,0.8440417392452615,0.0,0.0,0.0,0.0,0
0,0,1,1,0,1,0,0,0,1,0.9956985805094338,0.0,0.0,0.9892108674324538,0.5,0.5,0.0,0.0,0.5,0.0,0.0,0.0,0.0,0.0,0
0,0,1,1,0,1,0,0,0,1,0.9892108674324538,0.0,0.0,0.9895645450473826,0.5,0.7951672353008666,0.0,0.0,0.0,0.0,0.0,0.0,0.9470706478808203,0.0,0
0,1,0,1,0,1,0,0,1,1,0.9958661634755189,0.9764322622593172,0.0,0.9979263272937159,0.0,0.9625948815174468,0.0,0.0,0.0,0.0,0.0,0.975526687091491,0.0,0.0,0
0,0,0,1,1,1,1,0,0,1,0.9994935404629564,0.0,0.0,0.9996461257883275,0.0,0.9877588209421515,0.0,0.981281285356708,0.0,0.9861626192581294,0.0,0.9989942823968971,0.9772732390123643,0.0,0
0,0,0,1,1,1,1,0,1,1,0.9985365088484599,0.0,0.0,0.997804768106481,0.0,0.9787871951889292,0.0,0.0,0.0,0.0,0.0,0.0,0.0,0.0,1
0,0,1,1,0,1,0,0,0,1,0.9989529289501384,0.0,0.0,0.9991612392569097,0.5,0.909665529398267,0.0,0.9948243435248334,0.9844757663633736,0.0,0.0,0.9981862733620119,0.9827982477891337,0.0,0
0,0,1,1,0,1,0,0,1,1,0.9990892427209537,0.0,0.0,0.99946094867043,0.0,0.9973251427475356,0.9681954974876473,0.9972440874649279,0.9832507137913893,0.0,0.0,0.9988446114820263,0.9938788446753493,0.0,0
0,1,1,1,1,1,1,0,1,1,0.999474736280606,0.0,0.0,0.9995841804821461,0.0,0.9945120344597916,0.0,0.0,0.0,0.0,0.0,0.9966843020000569,0.936548965138893,0.0,0
0,1,1,1,1,1,1,0,1,1,0.9997852884491639,0.7951672353008666,0.0,0.9998406857459765,0.0,0.997891995213052,0.0,0.9961879511164052,0.0,0.9892108674324538,0.0,0.9980411761128539,0.9948660808729916,0.0,0
0,0,1,1,0,1,0,0,1,1,0.999572164195883,0.0,0.5,0.999736170851255,0.9904989178192587,0.9957274482268388,0.9903549838917163,0.9903549838917163,0.0,0.0,0.0,0.9939371378509365,0.9920426672725511,0.0,0
0,1,1,1,1,1,1,0,0,1,0.9994143334013152,0.7951672353008666,0.0,0.999286301002619,0.0,0.9932989867291053,0.0,0.9734895107734577,0.5,0.9546042580002793,0.9697076556232638,0.9946503799351295,0.9832507137913893,0.0,0
0,1,1,1,0,1,1,0,0,1,0.999035425325441,0.0,0.0,0.9992878976433378,0.0,0.9818158106487032,0.0,0.0,0.0,0.0,0.0,0.9931548899066752,0.9882120923303974,0.0,0
0,1,1,1,0,1,0,0,0,1,0.9988010941247468,0.0,0.0,0.9986454918899476,0.0,0.9697076556232638,0.0,0.9827982477891337,0.8743340836219977,0.0,0.0,0.0,0.909665529398267,0.0,0
0,1,1,1,0,1,1,0,0,1,0.9990498219408323,0.0,0.0,0.9990368845889837,0.5,0.9745487773040165,0.0,0.9832507137913893,0.9546042580002793,0.0,0.9422841232473911,0.9902066222601985,0.9470706478808203,0.0,0
0,0,0,1,1,1,1,0,1,1,0.9996800905935772,0.0,0.0,0.9994654747080047,0.0,0.9890248844484466,0.0,0.9851975571792263,0.9546042580002793,0.0,0.0,0.9879897312593258,0.9470706478808203,0.0,0
0,0,0,1,1,1,0,0,1,1,0.9948243435248334,0.0,0.0,0.9956985805094338,0.0,0.909665529398267,0.0,0.0,0.0,0.7951672353008666,0.0,0.7048327646991335,0.9470706478808203,0.0,0
0,1,0,1,0,1,1,0,1,1,0.9964632598727627,0.9422841232473911,0.0,0.995284384229317,0.7048327646991335,0.5,0.0,0.0,0.9710826421944466,0.0,0.0,0.9546042580002793,0.9681954974876473,0.0,0
0,0,1,1,0,1,0,0,1,1,0.9916239074103248,0.0,0.0,0.9772732390123643,0.0,0.0,0.0,0.0,0.0,0.0,0.0,0.9208331516788689,0.8948630865774932,0.0,0
0,1,1,1,0,1,1,0,1,1,0.9992179122210044,0.0,0.0,0.9993764744673843,0.0,0.9745487773040165,0.9208331516788689,0.9723383008666762,0.987009563023251,0.0,0.9646685542237308,0.9697076556232638,0.9546042580002793,0.0,0
0,0,0,1,0,1,0,0,0,1,0.9926828535826268,0.9422841232473911,0.0,0.9957559310585664,0.0,0.5,0.0,0.5,0.0,0.0,0.0,0.0,0.0,0.0,0
1,1,1,1,1,1,1,0,0,1,0.9995010817852401,0.0,0.0,0.9994280147339953,0.0,0.9960458907708681,0.0,0.7048327646991335,0.0,0.0,0.0,0.9941596154838043,0.0,0.0,0
1,0,1,1,1,1,1,0,1,1,0.9998136359033426,0.0,0.0,0.9998256314005896,0.0,0.9861626192581294,0.0,0.9840878201759484,0.9697076556232638,0.0,0.0,0.9985020738881758,0.936548965138893,0.0,0
0,0,0,1,1,1,0,0,0,1,0.998494991521538,0.0,0.0,0.9984044650640977,0.0,0.9864569418318746,0.0,0.0,0.0,0.0,0.0,0.5,0.8440417392452615,0.0,1
0,1,1,1,0,1,1,0,1,1,0.9976680698714718,0.0,0.0,0.9975420208148349,0.0,0.8743340836219977,0.0,0.7048327646991335,0.5,0.0,0.0,0.9625948815174468,0.7048327646991335,0.0,0
0,1,0,1,0,1,0,0,1,1,0.999607751268141,0.0,0.0,0.999620608047079,0.0,0.9961417455879359,0.0,0.0,0.0,0.0,0.0,0.9968945623272808,0.0,0.0,0
0,0,0,1,1,1,0,0,0,1,0.9988425107802553,0.0,0.0,0.9966669426410677,0.0,0.9576213907301072,0.0,0.9422841232473911,0.7951672353008666,0.0,0.0,0.5,0.9208331516788689,0.0,0
0,1,1,1,0,1,1,0,1,1,0.99882974438364,0.0,0.0,0.9978849919263362,0.0,0.5,0.0,0.9832507137913893,0.0,0.0,0.0,0.9422841232473911,0.0,0.0,0
1,0,1,1,1,1,1,0,1,1,0.9998050169211451,0.0,0.0,0.9996645839233611,0.0,0.9974329987011614,0.0,0.9864569418318746,0.9295534250454455,0.8440417392452615,0.0,0.9990540574979977,0.0,0.0,0
0,1,1,1,1,1,1,0,1,1,0.9998773844829555,0.0,0.0,0.9997797925468774,0.0,0.9953532228722546,0.0,0.994464315415404,0.8743340836219977,0.0,0.0,0.9993925385695089,0.8440417392452615,0.0,0
0,1,1,1,0,1,0,0,1,1,0.9998809611509073,0.8440417392452615,0.0,0.9996725207221115,0.909665529398267,0.0,0.0,0.9840878201759484,0.0,0.0,0.0,0.998143970936879,0.0,0.0,0
0,0,0,1,0,0,0,0,1,1,0.9988188886049453,0.0,0.0,0.9987293035390652,0.0,0.7048327646991335,0.0,0.0,0.7951672353008666,0.0,0.0,0.9910341171655292,0.0,0.0,0
0,0,1,1,0,1,0,0,1,1,0.9990931348408013,0.0,0.0,0.9992996484977488,0.0,0.8743340836219977,0.0,0.9764322622593172,0.5,0.9903549838917163,0.0,0.9956693200520217,0.0,0.0,0
1,0,1,1,1,1,1,0,1,1,0.9989648468108793,0.909665529398267,0.0,0.9994420511749627,0.9710826421944466,0.909665529398267,0.0,0.9936970398904674,0.8743340836219977,0.9697076556232638,0.0,0.9962330630616506,0.7048327646991335,0.0,0
0,0,0,1,0,1,1,0,0,1,0.9984203015738115,0.5,0.0,0.9987896977083968,0.0,0.9295534250454455,0.5,0.0,0.0,0.9772732390123643,0.0,0.9931548899066752,0.0,0.0,0
0,0,0,1,0,1,1,0,1,1,0.9997367164036095,0.9858552219993699,0.0,0.9998616645453395,0.9907742723749111,0.0,0.0,0.9933687838752314,0.9697076556232638,0.9823206636533935,0.0,0.9994544819052701,0.9938788446753493,0.0,0
0,0,1,1,0,1,0,0,1,1,0.999759766135038,0.9681954974876473,0.0,0.9998225202799347,0.0,0.0,0.0,0.9974636796649621,0.0,0.9973909171800707,0.0,0.9991992208344512,0.9955168362771252,0.0,0
0,1,0,1,0,1,1,0,1,1,0.9993999815420732,0.0,0.0,0.999363380439839,0.0,0.9945589378541198,0.9844757663633736,0.7951672353008666,0.0,0.9931548899066752,0.0,0.9851975571792263,0.9295534250454455,0.0,0
0,0,0,1,1,1,1,0,1,1,0.9997666349912563,0.0,0.0,0.9998168000705627,0.0,0.991941952232675,0.0,0.5,0.0,0.9764322622593172,0.0,0.9996343367591286,0.9848452496488564,0.0,0
0,0,1,1,0,1,1,0,1,1,0.9997215136781453,0.9851975571792263,0.0,0.9998136359033426,0.9787871951889292,0.9625948815174468,0.0,0.9968169276635882,0.9697076556232638,0.9984434755408105,0.0,0.998855001644032,0.5,0.0,0
0,0,1,1,1,1,1,0,1,1,0.9984806239531326,0.0,0.0,0.9996237472232603,0.5,0.0,0.0,0.0,0.9546042580002793,0.9913975537230216,0.0,0.996070298230595,0.0,0.0,0
0,0,1,1,0,1,0,0,0,1,0.9996593795015418,0.0,0.0,0.9994768943064173,0.0,0.9823206636533935,0.0,0.0,0.0,0.0,0.0,0.9968009325938102,0.0,0.0,0
0,0,1,1,1,1,0,0,1,1,0.9996628073554901,0.7048327646991335,0.0,0.998582140935938,0.0,0.9948243435248334,0.0,0.0,0.9794709970445046,0.0,0.0,0.936548965138893,0.9977662555796155,0.0,1
0,0,1,1,1,1,0,1,1,1,0.9999604682208428,0.9546042580002793,0.7951672353008666,0.9999340563735146,0.5,0.999238493458449,0.0,0.0,0.0,0.9998238949498951,0.9987443413277707,0.9997975128018768,0.9991699877292703,0.5,0
0,0,1,1,1,1,0,0,1,1,0.9986569223040727,0.0,0.0,0.9968009325938102,0.0,0.9851975571792263,0.0,0.0,0.0,0.9877588209421515,0.0,0.7048327646991335,0.0,0.0,0
0,1,1,1,0,1,1,0,1,1,0.9997418411445775,0.0,0.0,0.99964533721086,0.0,0.9988487900932185,0.7951672353008666,0.0,0.0,0.0,0.0,0.0,0.0,0.0,0
0,1,0,1,1,1,1,0,0,1,0.9995642575818269,0.0,0.0,0.9994861827004575,0.0,0.9947819220034485,0.0,0.936548965138893,0.5,0.0,0.0,0.9921408959050638,0.0,0.0,0
0,0,1,1,0,1,1,0,1,1,0.9928472698424959,0.936548965138893,0.0,0.9968169276635882,0.0,0.9864569418318746,0.0,0.5,0.0,0.0,0.0,0.909665529398267,0.0,0.0,0
0,0,0,1,0,1,1,0,0,1,0.9998322477581995,0.0,0.0,0.9998130338460899,0.0,0.9780562887679781,0.0,0.9764322622593172,0.9861626192581294,0.0,0.0,0.9912797266334235,0.5,0.0,0
0,0,0,1,0,1,0,0,0,1,0.9989597725395502,0.0,0.0,0.9989080289056128,0.9903549838917163,0.9895645450473826,0.0,0.0,0.0,0.0,0.0,0.9941055409258466,0.0,0.0,0
0,0,1,1,0,1,0,0,0,1,0.9993942725211645,0.993227704703609,0.0,0.9997394106685176,0.0,0.5,0.0,0.9985852917234737,0.0,0.975526687091491,0.0,0.9993443670985621,0.0,0.0,0
0,0,1,1,0,1,0,0,1,1,0.9975514744875205,0.8440417392452615,0.0,0.9926828535826268,0.9780562887679781,0.9917326755234589,0.0,0.9832507137913893,0.0,0.0,0.0,0.5,0.0,0.0,0
0,0,0,1,0,1,0,0,0,1,0.9978708448202859,0.8440417392452615,0.0,0.9973138565636879,0.0,0.0,0.0,0.0,0.0,0.7951672353008666,0.0,0.9470706478808203,0.0,0.0,0
0,0,0,1,0,1,0,0,0,1,0.9939943312541037,0.7048327646991335,0.0,0.9890248844484466,0.5,0.909665529398267,0.0,0.8743340836219977,0.0,0.5,0.0,0.8743340836219977,0.0,0.0,0
0,0,1,1,0,1,0,0,0,1,0.9996545742214367,0.0,0.0,0.9995195323384942,0.0,0.9969096370300404,0.0,0.9974433078322532,0.0,0.0,0.0,0.9983421397571476,0.0,0.0,0
0,1,0,1,1,1,1,0,0,1,0.99625522100158,0.0,0.0,0.9974535344916212,0.0,0.5,0.0,0.8743340836219977,0.8743340836219977,0.7048327646991335,0.0,0.9295534250454455,0.7951672353008666,0.0,0
0,1,0,1,1,1,0,0,0,1,0.9978565071829664,0.0,0.0,0.9979660779350726,0.0,0.9470706478808203,0.0,0.0,0.0,0.0,0.0,0.0,0.0,0.0,0
0,1,1,1,1,1,0,0,1,1,0.9995370038835447,0.0,0.0,0.9994915178618299,0.0,0.9602629513889184,0.0,0.9877588209421515,0.0,0.0,0.0,0.9922367290779615,0.9787871951889292,0.0,0
0,1,1,1,1,1,0,0,0,1,0.9981965493784812,0.7048327646991335,0.0,0.999304240962947,0.0,0.0,0.9710826421944466,0.9949071504666619,0.0,0.0,0.0,0.0,0.0,0.0,0
1,1,1,1,1,1,0,0,0,1,0.9999216275059521,0.0,0.0,0.9998931128666244,0.0,0.9989546482755345,0.0,0.9745487773040165,0.0,0.0,0.0,0.9975885730013327,0.0,0.0,0
0,0,1,1,0,1,1,0,1,1,0.9986309273312803,0.9848452496488564,0.0,0.9979195506336951,0.0,0.9801121043528216,0.0,0.7048327646991335,0.0,0.9710826421944466,0.0,0.9973693547565877,0.0,0.0,0
0,1,1,1,1,1,1,1,1,1,0.9991243199850567,0.9801121043528216,0.0,0.9989300518101558,0.0,0.0,0.0,0.5,0.8948630865774932,0.9794709970445046,0.0,0.9996692884596875,0.0,0.0,0
1,1,1,1,1,1,1,1,1,1,0.9997551462534707,0.9787871951889292,0.0,0.9997789514768114,0.0,0.9957274482268388,0.0,0.9470706478808203,0.9602629513889184,0.9836799920623798,0.0,0.9985564202239731,0.936548965138893,0.0,0
0,1,1,1,1,1,1,1,1,1,0.9996541989626527,0.9922367290779615,0.0,0.9997018174586357,0.0,0.9902066222601985,0.0,0.0,0.0,0.9836799920623798,0.0,0.9986927743786008,0.9602629513889184,0.0,0
0,1,1,1,1,1,1,1,1,1,0.999545596242503,0.909665529398267,0.0,0.9995188060082166,0.0,0.9938194196991037,0.5,0.9422841232473911,0.9681954974876473,0.9697076556232638,0.0,0.9981706378732504,0.9625948815174468,0.0,0
1,1,1,1,1,1,1,1,1,1,0.9997999937947151,0.7951672353008666,0.0,0.999763074155945,0.9422841232473911,0.9970527072958224,0.0,0.8948630865774932,0.9295534250454455,0.9295534250454455,0.0,0.9990175628595696,0.5,0.0,0
0,0,1,1,0,1,0,0,0,1,0.9511254960556053,0.0,0.0,0.9576213907301072,0.0,0.5,0.0,0.0,0.0,0.0,0.0,0.9772732390123643,0.0,0.0,0
0,1,1,1,1,1,0,0,1,1,0.9991206914813127,0.9511254960556053,0.0,0.9991634436190024,0.0,0.9745487773040165,0.0,0.9646685542237308,0.0,0.0,0.0,0.9858552219993699,0.9576213907301072,0.0,0
0,1,1,1,1,1,0,0,1,1,0.9991645414607607,0.909665529398267,0.0,0.9992790266135907,0.0,0.9937588296381495,0.0,0.9745487773040165,0.9780562887679781,0.0,0.0,0.9975132166625718,0.9208331516788689,0.0,0
0,0,1,1,1,1,0,1,1,1,0.9997280564999378,0.0,0.0,0.9996964140562182,0.0,0.9840878201759484,0.0,0.5,0.0,0.0,0.0,0.9818158106487032,0.987009563023251,0.0,0
1,1,1,1,1,1,1,1,1,1,0.9994963452218772,0.9546042580002793,0.0,0.9995895424344592,0.0,0.975526687091491,0.0,0.0,0.5,0.0,0.0,0.9992483831445431,0.7951672353008666,0.0,1
0,1,1,1,0,1,0,0,1,1,0.9996407338009112,0.0,0.0,0.9996885422105797,0.0,0.9807143934563513,0.909665529398267,0.909665529398267,0.9681954974876473,0.0,0.0,0.9979789916389202,0.0,0.0,1
0,0,0,1,0,1,0,0,1,1,0.9996257379782328,0.0,0.0,0.9997626324597815,0.5,0.7048327646991335,0.0,0.0,0.0,0.0,0.0,0.997804768106481,0.0,0.0,1
0,0,0,1,0,1,0,0,0,1,0.9997890590626013,0.9681954974876473,0.0,0.9997396238295011,0.0,0.9972200186644717,0.0,0.9978708448202859,0.0,0.0,0.0,0.0,0.909665529398267,0.0,1
0,0,0,1,0,1,0,0,1,1,0.9998139082858126,0.0,0.0,0.9997998051096282,0.0,0.0,0.0,0.0,0.0,0.9665245832868518,0.0,0.9936970398904674,0.0,0.0,0
0,0,1,1,1,1,0,0,1,1,0.9997133634717027,0.9576213907301072,0.9848452496488564,0.9997533437657837,0.0,0.99625522100158,0.0,0.0,0.9710826421944466,0.0,0.0,0.0,0.909665529398267,0.0,0
0,1,1,1,1,1,0,1,1,1,0.9998037547003075,0.9787871951889292,0.0,0.999772798092313,0.0,0.996070298230595,0.0,0.9780562887679781,0.909665529398267,0.0,0.0,0.9992412163636424,0.9938194196991037,0.0,0
0,1,0,1,0,1,0,0,1,1,0.9996201553121589,0.0,0.0,0.999832291950042,0.0,0.9745487773040165,0.0,0.0,0.0,0.0,0.0,0.0,0.0,0.0,0
0,1,1,1,1,1,0,0,1,1,0.9992198291008941,0.9625948815174468,0.0,0.9987139011993764,0.0,0.9422841232473911,0.0,0.909665529398267,0.8440417392452615,0.0,0.0,0.9980290472496415,0.5,0.0,2
0,1,1,1,1,1,1,0,0,1,0.9994033555895273,0.9546042580002793,0.0,0.9987804233839391,0.9764322622593172,0.9910341171655292,0.0,0.9780562887679781,0.0,0.0,0.0,0.997079746297372,0.0,0.0,1
0,1,1,1,1,1,1,0,1,1,0.998945994717405,0.7048327646991335,0.0,0.9984084538847966,0.0,0.975526687091491,0.0,0.9295534250454455,0.0,0.0,0.0,0.9970389991549066,0.0,0.0,2
0,0,1,1,1,1,1,0,1,1,0.9994951469953097,0.8743340836219977,0.0,0.9985465327255031,0.0,0.9764322622593172,0.936548965138893,0.981281285356708,0.9772732390123643,0.0,0.0,0.9991443287782225,0.8743340836219977,0.0,2
0,1,1,1,0,1,1,0,0,1,0.9989682022448286,0.9546042580002793,0.0,0.9970389991549066,0.9295534250454455,0.5,0.0,0.0,0.7048327646991335,0.0,0.7048327646991335,0.9946949580298936,0.7048327646991335,0.0,1
0,1,1,1,1,1,1,0,0,1,0.9992283400477747,0.7048327646991335,0.0,0.9986927743786008,0.8743340836219977,0.9681954974876473,0.0,0.8440417392452615,0.936548965138893,0.0,0.0,0.9989228102118173,0.0,0.0,1
0,1,1,1,1,1,0,0,0,1,0.9993690589059169,0.5,0.0,0.9989781392847095,0.0,0.9855338591935681,0.0,0.9511254960556053,0.9511254960556053,0.0,0.0,0.9988487900932185,0.7048327646991335,0.0,1
0,1,0,1,0,1,1,0,1,1,0.9997059493177395,0.0,0.0,0.9996155678170375,0.0,0.9961649875203987,0.0,0.9823206636533935,0.0,0.0,0.0,0.9994127125537133,0.0,0.0,1
0,1,1,1,1,1,1,0,1,1,0.9998332583138266,0.9546042580002793,0.0,0.9996689445059894,0.0,0.981281285356708,0.0,0.9877588209421515,0.9723383008666762,0.0,0.0,0.9993884538169573,0.0,0.0,2
0,1,1,1,1,1,1,0,1,1,0.9998730062310147,0.981281285356708,0.0,0.9996943736325207,0.0,0.9975976726393071,0.9511254960556053,0.9710826421944466,0.9764322622593172,0.0,0.0,0.9993971405472813,0.9422841232473911,0.0,2
0,1,1,1,1,1,0,0,1,1,0.999880782815557,0.9893906527347536,0.0,0.9997733642771544,0.0,0.9976765804896598,0.0,0.9902066222601985,0.9208331516788689,0.0,0.0,0.9996636979856582,0.987009563023251,0.0,1
0,1,1,1,0,1,1,0,1,1,0.9998905211064332,0.9646685542237308,0.0,0.9998125383527776,0.0,0.9959191599184657,0.0,0.9625948815174468,0.8743340836219977,0.0,0.0,0.9998245259767792,0.8948630865774932,0.0,2
0,1,1,1,1,1,0,0,1,1,0.9991500408623448,0.909665529398267,0.0,0.9984842415014609,0.0,0.975526687091491,0.5,0.909665529398267,0.0,0.0,0.0,0.9970111967367058,0.7048327646991335,0.0,1
0,1,1,1,1,1,0,0,0,1,0.9997438149947673,0.936548965138893,0.0,0.9994890693132569,0.0,0.9907742723749111,0.7951672353008666,0.9665245832868518,0.8440417392452615,0.0,0.0,0.9989282505539775,0.0,0.0,1
0,1,1,1,1,1,1,1,1,1,0.9996187906010312,0.9602629513889184,0.0,0.9993305788246793,0.0,0.9879897312593258,0.0,0.0,0.9208331516788689,0.0,0.0,0.9985629374919687,0.5,0.0,1
0,1,1,1,0,1,0,0,0,1,0.9996023612182525,0.7951672353008666,0.0,0.9991083762519466,0.0,0.9827982477891337,0.0,0.0,0.5,0.9602629513889184,0.0,0.9981547304652103,0.0,0.0,1
0,1,1,1,1,1,0,0,1,1,0.9998511179231148,0.909665529398267,0.0,0.9996290094986583,0.8743340836219977,0.9969970988167319,0.0,0.9884263702665559,0.9511254960556053,0.0,0.0,0.999450716467307,0.7048327646991335,0.0,1
0,0,0,1,0,1,0,0,1,1,0.9995600416924548,0.0,0.0,0.9995753037505486,0.5,0.9848452496488564,0.0,0.8948630865774932,0.0,0.0,0.0,0.9996111058685528,0.9710826421944466,0.0,1
1,0,1,1,1,1,1,0,1,1,0.9996509760369606,0.8440417392452615,0.0,0.9994464177287748,0.0,0.9934371420594814,0.0,0.8440417392452615,0.0,0.0,0.0,0.9990637951272885,0.5,0.0,1
0,1,0,1,1,1,0,0,0,1,0.9995919104582252,0.0,0.0,0.9991556771895174,0.8743340836219977,0.975526687091491,0.0,0.9546042580002793,0.5,0.0,0.0,0.9979660779350726,0.9295534250454455,0.0,2
0,1,1,1,1,1,1,0,1,1,0.9996043382906159,0.909665529398267,0.0,0.999445935934178,0.7048327646991335,0.9787871951889292,0.5,0.9858552219993699,0.9295534250454455,0.936548965138893,0.0,0.9989926910742296,0.9422841232473911,0.0,2
0,1,1,1,0,1,0,0,0,1,0.9996553223009407,0.0,0.0,0.9988166932356569,0.9780562887679781,0.9858552219993699,0.0,0.9511254960556053,0.0,0.0,0.0,0.9981600635844131,0.0,0.0,2
0,1,1,1,1,1,1,0,1,1,0.999627489935804,0.9511254960556053,0.0,0.9991350280154576,0.8440417392452615,0.9840878201759484,0.0,0.9295534250454455,0.0,0.0,0.7048327646991335,0.9990368845889837,0.8948630865774932,0.0,2
0,0,0,1,0,0,0,0,1,1,0.9956693200520217,0.0,0.0,0.993227704703609,0.0,0.9208331516788689,0.0,0.909665529398267,0.0,0.0,0.0,0.9844757663633736,0.0,0.0,1
0,1,1,1,1,1,0,1,1,1,0.9999456809069265,0.9794709970445046,0.0,0.9998830388085238,0.9882120923303974,0.9988732405174987,0.0,0.9976245641124765,0.9794709970445046,0.0,0.9836799920623798,0.999866536737308,0.9681954974876473,0.0,2
1,1,1,1,1,1,0,0,0,1,0.9999303479464084,0.9877588209421515,0.5,0.9998348158385882,0.0,0.997939749029512,0.0,0.9900536254420992,0.9546042580002793,0.0,0.0,0.9997848530759949,0.9832507137913893,0.0,2
0,0,0,1,0,1,0,0,0,1,0.9990205857383013,0.909665529398267,0.0,0.9981600635844131,0.9422841232473911,0.9208331516788689,0.0,0.9787871951889292,0.0,0.0,0.0,0.9980411761128539,0.9422841232473911,0.0,2
1,1,1,1,1,1,0,1,1,1,0.9998947387952106,0.909665529398267,0.0,0.9997399429179099,0.0,0.9979463949542058,0.0,0.9958928326461443,0.0,0.0,0.0,0.9997234492909113,0.9625948815174468,0.0,2
0,1,0,1,1,1,1,0,0,1,0.9997052686449611,0.8440417392452615,0.0,0.9994721230294656,0.0,0.991941952232675,0.9295534250454455,0.9646685542237308,0.8948630865774932,0.0,0.7048327646991335,0.9994882478816381,0.0,0.0,2
0,1,1,1,1,1,1,0,1,1,0.9998626198181948,0.936548965138893,0.0,0.9996141698821686,0.5,0.9923302533570547,0.0,0.9929267380448502,0.8440417392452615,0.0,0.0,0.9995249107058313,0.9745487773040165,0.0,2
0,1,1,1,1,1,1,0,1,1,0.9997640401248277,0.9872693017980544,0.0,0.9993621046499903,0.0,0.995177215198451,0.0,0.0,0.987009563023251,0.0,0.0,0.9989942823968971,0.9723383008666762,0.0,2
1,1,1,1,1,1,0,1,1,1,0.9998064985553913,0.7048327646991335,0.0,0.9996355926142888,0.9710826421944466,0.9958928326461443,0.0,0.9470706478808203,0.936548965138893,0.0,0.0,0.9993536857323363,0.7951672353008666,0.0,2
0,1,1,1,1,1,1,0,1,1,0.9998839767149045,0.9602629513889184,0.0,0.9997296731490002,0.0,0.9933687838752314,0.936548965138893,0.9920426672725511,0.9772732390123643,0.5,0.9681954974876473,0.9995952830981537,0.9511254960556053,0.0,2
0,1,1,1,1,1,0,0,1,1,0.9999030872632898,0.9295534250454455,0.0,0.9998433514371262,0.9576213907301072,0.9971323627629313,0.8948630865774932,0.9511254960556053,0.8743340836219977,0.0,0.0,0.9997876518516486,0.9780562887679781,0.0,2
1,1,1,1,1,1,0,1,1,1,0.9998903891587334,0.9576213907301072,0.0,0.9997480729168436,0.0,0.9955168362771252,0.909665529398267,0.9625948815174468,0.0,0.0,0.0,0.9997396238295011,0.5,0.0,2
0,1,1,1,1,1,1,0,1,1,0.9997083739221998,0.909665529398267,0.0,0.9990175628595696,0.0,0.9861626192581294,0.0,0.9665245832868518,0.7951672353008666,0.8440417392452615,0.0,0.9981385439822015,0.9422841232473911,0.0,2
0,1,1,1,0,1,1,0,1,1,0.9995945097539641,0.9710826421944466,0.0,0.9992996484977488,0.0,0.9915122393230001,0.9295534250454455,0.936548965138893,0.0,0.0,0.0,0.9996480819748359,0.909665529398267,0.0,2
0,1,1,1,1,1,1,0,1,1,0.9997907920639335,0.9903549838917163,0.0,0.9996586489483338,0.0,0.9952491943685178,0.8948630865774932,0.981281285356708,0.7951672353008666,0.5,0.0,0.9996459289728999,0.9855338591935681,0.0,2
0,1,1,1,1,1,1,0,1,1,0.9959191599184657,0.9470706478808203,0.0,0.9945589378541198,0.0,0.9295534250454455,0.0,0.8440417392452615,0.5,0.0,0.0,0.9941596154838043,0.0,0.0,2
0,1,1,1,1,1,1,0,1,1,0.9997041729895234,0.975526687091491,0.0,0.9994781806313164,0.0,0.9836799920623798,0.5,0.9665245832868518,0.0,0.0,0.0,0.999600113260905,0.9470706478808203,0.0,2
0,0,0,1,0,1,0,0,1,1,0.9984696669563918,0.7951672353008666,0.0,0.9981862733620119,0.0,0.9882120923303974,0.0,0.909665529398267,0.5,0.0,0.0,0.997758390347257,0.909665529398267,0.0,2
0,0,1,1,0,1,1,0,1,1,0.999765431192499,0.9801121043528216,0.0,0.9995612545337174,0.9844757663633736,0.9890248844484466,0.0,0.0,0.9602629513889184,0.0,0.0,0.9988752312544874,0.9734895107734577,0.0,1
0,1,0,1,0,1,0,0,1,1,0.9996968477503582,0.0,0.0,0.9995041903086818,0.0,0.9943160459268107,0.0,0.9888323777193981,0.9602629513889184,0.0,0.0,0.9992902792545942,0.0,0.0,1
0,1,1,1,0,1,0,0,0,1,0.9917326755234589,0.7048327646991335,0.0,0.9943663437676137,0.0,0.8440417392452615,0.0,0.8948630865774932,0.0,0.0,0.0,0.9931548899066752,0.0,0.0,2
1,1,1,1,1,1,1,1,1,1,0.9995764340130209,0.9710826421944466,0.0,0.9993263285346656,0.0,0.9928472698424959,0.0,0.975526687091491,0.0,0.0,0.0,0.9990295437816312,0.9807143934563513,0.0,2
0,1,1,1,1,1,1,0,1,1,0.99972102553391,0.9807143934563513,0.7048327646991335,0.9995636602654706,0.5,0.9936970398904674,0.0,0.909665529398267,0.9295534250454455,0.0,0.0,0.9995937334486623,0.9295534250454455,0.0,2
0,1,1,1,1,1,1,0,1,1,0.9998724975437904,0.9946503799351295,0.0,0.9997830937827145,0.0,0.9967847759617712,0.0,0.981281285356708,0.8440417392452615,0.0,0.0,0.9997832414886733,0.9886329979036909,0.0,2
0,1,1,1,1,1,1,0,1,1,0.9998286814432186,0.9942648418915018,0.0,0.9996835886083764,0.0,0.9968169276635882,0.0,0.9898957727866763,0.0,0.909665529398267,0.0,0.9995579030069234,0.9926828535826268,0.0,2
0,0,1,1,1,1,1,0,1,1,0.9995136595504033,0.9646685542237308,0.0,0.9992320633732361,0.0,0.9918386551749466,0.0,0.9546042580002793,0.8948630865774932,0.0,0.0,0.9990637951272885,0.9422841232473911,0.0,2
0,1,1,1,0,1,0,0,1,1,0.9996388997707921,0.9807143934563513,0.0,0.9992724348626287,0.0,0.9925977781090763,0.7951672353008666,0.8440417392452615,0.8743340836219977,0.0,0.0,0.9992571534615697,0.975526687091491,0.0,2
0,0,1,1,0,1,0,0,1,1,0.9997507362021006,0.9295534250454455,0.0,0.999354995385477,0.0,0.9916239074103248,0.0,0.0,0.909665529398267,0.0,0.0,0.9998814929700273,0.9723383008666762,0.0,1
0,1,1,1,1,1,1,1,1,1,0.9994987246922841,0.9511254960556053,0.0,0.9991279186655382,0.8743340836219977,0.9832507137913893,0.0,0.9681954974876473,0.0,0.7951672353008666,0.0,0.9991910807754123,0.909665529398267,0.0,2
0,1,1,1,1,1,1,0,1,1,0.9995988533786322,0.9745487773040165,0.0,0.9993256149001724,0.0,0.9930804923643742,0.0,0.9801121043528216,0.9576213907301072,0.0,0.0,0.9993627431834474,0.9422841232473911,0.0,2
0,0,0,1,1,1,1,0,0,1,0.9998862772837449,0.9864569418318746,0.0,0.9996610118678386,0.0,0.9961417455879359,0.0,0.9855338591935681,0.0,0.0,0.0,0.999690360057312,0.8440417392452615,0.0,1
0,1,1,1,1,1,1,0,1,1,0.9998634449243665,0.9864569418318746,0.0,0.9997612974343707,0.0,0.9959451518252151,0.0,0.9916239074103248,0.0,0.0,0.0,0.9998161121448117,0.975526687091491,0.0,2
0,1,1,1,0,1,0,0,1,1,0.9994223052653118,0.9886329979036909,0.0,0.9992348323728244,0.0,0.9942127069499783,0.0,0.9861626192581294,0.7951672353008666,0.0,0.0,0.9989614694818234,0.9888323777193981,0.0,2
0,1,1,1,0,1,0,0,1,1,0.9983158246370188,0.9422841232473911,0.0,0.9977182184722792,0.0,0.9780562887679781,0.0,0.8440417392452615,0.7951672353008666,0.0,0.0,0.998004333269477,0.5,0.0,1
0,1,1,1,0,1,1,0,1,1,0.9996799297542849,0.9807143934563513,0.0,0.999343691188833,0.0,0.9967353118372144,0.0,0.9745487773040165,0.9295534250454455,0.0,0.0,0.9995519917893911,0.975526687091491,0.0,1
1,1,1,1,1,1,1,1,1,1,0.9997536301313522,0.7951672353008666,0.0,0.999723208812064,0.0,0.9625948815174468,0.0,0.9861626192581294,0.9208331516788689,0.0,0.0,0.999766034640314,0.7048327646991335,0.0,1
0,1,0,1,1,1,1,0,0,1,0.9998016760897904,0.0,0.0,0.9997700903775043,0.0,0.9925977781090763,0.9625948815174468,0.0,0.7048327646991335,0.0,0.0,0.9996536345432253,0.9470706478808203,0.0,1
0,1,1,1,1,1,0,0,0,1,0.998582140935938,0.7951672353008666,0.0,0.9973584393411888,0.0,0.0,0.0,0.0,0.0,0.0,0.0,0.9964435019579815,0.0,0.0,1
0,0,0,1,1,1,1,0,0,1,0.9988985828076481,0.0,0.0,0.9978346349751267,0.0,0.8948630865774932,0.0,0.0,0.909665529398267,0.0,0.0,0.9975608557193374,0.0,0.0,1
1,1,1,1,1,1,1,1,1,1,0.9999164979317003,0.0,0.0,0.999833737331446,0.0,0.9931548899066752,0.0,0.909665529398267,0.909665529398267,0.0,0.0,0.9998257268665576,0.0,0.0,1
1,1,1,1,1,1,1,0,0,1,0.9997939074942932,0.5,0.0,0.9996588318802664,0.0,0.9818158106487032,0.909665529398267,0.9625948815174468,0.0,0.0,0.0,0.9995808955362752,0.9710826421944466,0.0,1
0,1,1,1,1,1,1,0,1,1,0.9998667044047186,0.8440417392452615,0.0,0.9997570153658575,0.0,0.7951672353008666,0.9511254960556053,0.936548965138893,0.7048327646991335,0.0,0.0,0.999723208812064,0.975526687091491,0.0,1
0,1,0,1,1,1,1,0,0,1,0.999841479143623,0.0,0.0,0.9997443294224332,0.0,0.9745487773040165,0.0,0.9697076556232638,0.0,0.0,0.0,0.9997218786667251,0.0,0.0,1
0,1,1,1,1,1,1,1,1,1,0.999861754666154,0.7048327646991335,0.0,0.9997764677857427,0.9697076556232638,0.9861626192581294,0.9208331516788689,0.9780562887679781,0.9576213907301072,0.0,0.0,0.9997368252434466,0.9546042580002793,0.0,1
0,1,1,1,1,1,1,0,1,1,0.9997376927332752,0.0,0.0,0.9995814466267983,0.0,0.9681954974876473,0.0,0.9697076556232638,0.0,0.0,0.0,0.9993139875797897,0.9208331516788689,0.0,1
0,1,1,1,1,1,1,0,1,1,0.9997656901937352,0.0,0.0,0.9995591276519415,0.0,0.9646685542237308,0.7951672353008666,0.9734895107734577,0.7951672353008666,0.0,0.0,0.9992403108947682,0.8948630865774932,0.0,1
1,1,1,1,1,1,0,1,1,1,0.9998693577337511,0.909665529398267,0.0,0.9998208723253892,0.0,0.9848452496488564,0.7048327646991335,0.9827982477891337,0.0,0.0,0.0,0.9998594037628055,0.9422841232473911,0.0,1
0,1,1,1,1,1,1,0,1,1,0.9993263285346656,0.7048327646991335,0.0,0.9984044650640977,0.8743340836219977,0.9832507137913893,0.0,0.7951672353008666,0.936548965138893,0.0,0.5,0.9975794041655872,0.8743340836219977,0.0,2
0,0,1,1,1,1,1,0,1,1,0.9997974483770646,0.9697076556232638,0.0,0.9995465671903739,0.0,0.9875188587324953,0.9208331516788689,0.9295534250454455,0.9764322622593172,0.0,0.9546042580002793,0.9994947463184901,0.9882120923303974,0.0,2
1,1,1,1,1,1,1,0,0,1,0.9994694836458317,0.5,0.0,0.9987638466557881,0.0,0.9780562887679781,0.0,0.9861626192581294,0.8743340836219977,0.0,0.0,0.9982747473878677,0.0,0.0,1
0,1,1,1,1,1,0,0,1,1,0.9998608481394035,0.0,0.0,0.9998242352964684,0.0,0.9697076556232638,0.5,0.9764322622593172,0.0,0.0,0.0,0.99978062724081,0.0,0.0,1
0,0,1,1,1,1,0,0,1,1,0.9996040922324023,0.5,0.0,0.9996399209816293,0.0,0.7048327646991335,0.5,0.5,0.8948630865774932,0.0,0.0,0.9991623428881917,0.8743340836219977,0.0,1
0,1,1,1,1,1,0,0,0,1,0.9998107551267493,0.5,0.0,0.9997094387365759,0.0,0.9734895107734577,0.5,0.9904989178192587,0.5,0.0,0.0,0.9993065146834886,0.0,0.0,1
0,1,1,1,1,1,0,0,0,1,0.999809964252699,0.7048327646991335,0.0,0.9998368896340156,0.0,0.9902066222601985,0.0,0.9933687838752314,0.0,0.0,0.0,0.9995245558969309,0.0,0.0,1
0,1,1,1,1,1,1,0,1,1,0.9998127588958794,0.0,0.0,0.9997784128970908,0.0,0.9855338591935681,0.5,0.9888323777193981,0.0,0.0,0.0,0.9990265760302305,0.0,0.0,2
0,1,1,1,0,1,0,0,0,1,0.9998448782261773,0.0,0.0,0.9998639701361799,0.9625948815174468,0.9794709970445046,0.0,0.0,0.0,0.0,0.0,0.9990665405921825,0.0,0.0,1
0,1,1,1,1,1,0,0,1,1,0.9996949594040984,0.0,0.0,0.9996391044760935,0.0,0.9882120923303974,0.0,0.9602629513889184,0.7048327646991335,0.0,0.0,0.9991350280154576,0.0,0.0,1
0,1,1,1,1,1,1,0,0,1,0.9998236510370958,0.936548965138893,0.0,0.9997925644347223,0.9646685542237308,0.9936340144701836,0.0,0.9844757663633736,0.9710826421944466,0.0,0.0,0.9995132877306324,0.0,0.0,2
0,1,1,1,0,1,1,0,0,1,0.9996968477503582,0.5,0.0,0.9996300873325271,0.9602629513889184,0.9665245832868518,0.0,0.9710826421944466,0.0,0.9625948815174468,0.0,0.9995166137813042,0.0,0.0,2
0,1,1,1,1,1,1,1,1,1,0.999849249405525,0.9665245832868518,0.0,0.9998337807420624,0.0,0.9897328294136366,0.0,0.9913975537230216,0.909665529398267,0.0,0.0,0.9994708066286484,0.7048327646991335,0.0,2
0,0,1,1,1,1,0,0,1,1,0.9993608237364928,0.0,0.0,0.9994614047204066,0.0,0.9734895107734577,0.0,0.0,0.0,0.7951672353008666,0.0,0.9989878867472068,0.0,0.0,1
0,1,1,1,1,1,1,0,1,1,0.9998380926351369,0.9295534250454455,0.0,0.9998384623804354,0.936548965138893,0.9916239074103248,0.8948630865774932,0.987009563023251,0.7951672353008666,0.0,0.0,0.9994963452218772,0.0,0.0,2
0,1,1,1,1,1,1,0,1,1,0.9998256314005896,0.5,0.0,0.9996599253676213,0.0,0.9665245832868518,0.0,0.975526687091491,0.0,0.0,0.0,0.9992329885971917,0.0,0.0,1
0,0,0,1,0,1,1,0,0,1,0.9996792847765688,0.0,0.0,0.9996339162149533,0.0,0.9794709970445046,0.9807143934563513,0.0,0.0,0.0,0.0,0.9995452716685007,0.0,0.0,1
0,0,1,1,1,1,1,0,0,1,0.9987662422957999,0.8948630865774932,0.0,0.9985020738881758,0.8948630865774932,0.9832507137913893,0.0,0.9422841232473911,0.7048327646991335,0.0,0.0,0.9976850292132645,0.8743340836219977,0.0,2
0,1,1,1,1,1,1,0,1,1,0.9982217371043778,0.7951672353008666,0.0,0.997877941951559,0.7048327646991335,0.9734895107734577,0.7048327646991335,0.0,0.0,0.909665529398267,0.0,0.9969096370300404,0.909665529398267,0.0,2
0,1,1,1,1,1,1,1,1,1,0.9998033910586388,0.9710826421944466,0.0,0.9997223638325305,0.9818158106487032,0.9969970988167319,0.0,0.9823206636533935,0.9470706478808203,0.0,0.0,0.9997164277370766,0.8948630865774932,0.0,2
0,0,1,1,1,1,0,0,1,1,0.9997755219513459,0.8743340836219977,0.0,0.9995618584502042,0.5,0.9936970398904674,0.0,0.987009563023251,0.0,0.0,0.0,0.9997114144475244,0.0,0.0,2
0,0,0,1,0,0,0,0,1,1,0.9890248844484466,0.5,0.0,0.9898957727866763,0.5,0.8948630865774932,0.0,0.0,0.0,0.0,0.0,0.9832507137913893,0.0,0.0,1
0,0,1,1,0,1,0,0,0,1,0.9993396062821414,0.0,0.0,0.9991764302493821,0.0,0.9867390064001997,0.0,0.5,0.0,0.9898957727866763,0.0,0.9986130310127904,0.0,0.0,1
0,1,1,1,1,1,0,0,1,1,0.9998248156972211,0.0,0.0,0.9993277512822136,0.0,0.987009563023251,0.0,0.9723383008666762,0.0,0.0,0.0,0.9990280621713847,0.0,0.0,1
0,0,1,1,1,1,1,0,1,1,0.9997309299516232,0.9697076556232638,0.8440417392452615,0.9995459203534895,0.0,0.9930804923643742,0.0,0.9897328294136366,0.9208331516788689,0.0,0.0,0.9996812119583595,0.8440417392452615,0.0,2
0,1,1,1,1,1,1,0,1,1,0.9998894757350744,0.975526687091491,0.0,0.9998400854662203,0.0,0.997758390347257,0.0,0.9945120344597916,0.9511254960556053,0.0,0.0,0.9997606692697834,0.9780562887679781,0.0,2
1,1,1,1,1,1,1,0,0,1,0.99970472183362,0.9801121043528216,0.5,0.999646910866839,0.0,0.9946949580298936,0.0,0.9884263702665559,0.8948630865774932,0.0,0.0,0.999503416814937,0.9208331516788689,0.0,1
0,1,1,1,1,1,1,1,1,1,0.9997461643785365,0.8743340836219977,0.8440417392452615,0.9997006959447757,0.9422841232473911,0.9851975571792263,0.7951672353008666,0.936548965138893,0.9681954974876473,0.909665529398267,0.0,0.9995572881295234,0.9697076556232638,0.0,2
0,1,0,1,1,1,1,0,0,1,0.9979127295370355,0.0,0.0,0.9975132166625718,0.7048327646991335,0.7951672353008666,0.0,0.5,0.0,0.0,0.0,0.9967014814741701,0.5,0.0,1
0,1,1,1,1,1,0,0,1,1,0.9997138787732571,0.0,0.0,0.9996931953141777,0.5,0.990906050425682,0.0,0.9697076556232638,0.9892108674324538,0.0,0.0,0.999441071458477,0.7951672353008666,0.0,1
0,1,1,1,1,1,1,1,1,1,0.9991879854245874,0.5,0.0,0.9991033530261877,0.0,0.9576213907301072,0.0,0.9208331516788689,0.8440417392452615,0.0,0.0,0.9986130310127904,0.8948630865774932,0.0,1
0,1,1,1,0,1,0,0,1,1,0.9994595758748335,0.0,0.0,0.9996008653987751,0.7951672353008666,0.9801121043528216,0.0,0.987009563023251,0.0,0.0,0.0,0.9993902111324988,0.8948630865774932,0.0,1
0,1,1,1,1,1,1,0,1,1,0.9995588221271965,0.0,0.0,0.9993298741713308,0.0,0.9858552219993699,0.0,0.5,0.936548965138893,0.0,0.9646685542237308,0.9992101495710755,0.0,0.0,1
1,1,1,1,1,1,1,1,1,1,0.9998187817377818,0.9422841232473911,0.0,0.9998200622511548,0.7951672353008666,0.9911586271917859,0.9208331516788689,0.9546042580002793,0.9710826421944466,0.7951672353008666,0.0,0.9996886945126529,0.9801121043528216,0.7951672353008666,2
0,1,1,1,1,1,1,0,1,1,0.9997447394794503,0.7048327646991335,0.0,0.9996835886083764,0.9422841232473911,0.9787871951889292,0.0,0.0,0.9772732390123643,0.0,0.0,0.9995491362139297,0.981281285356708,0.0,1
0,1,1,1,1,1,1,0,1,1,0.9992169502443862,0.5,0.0,0.9986819485243473,0.7951672353008666,0.936548965138893,0.0,0.0,0.8743340836219977,0.0,0.0,0.9983068662995603,0.8743340836219977,0.0,1
0,1,1,1,1,1,0,0,1,1,0.9992765687518856,0.8743340836219977,0.0,0.9992588830212124,0.0,0.9764322622593172,0.0,0.0,0.0,0.0,0.0,0.9991601327136769,0.9602629513889184,0.0,2
0,1,1,1,1,1,1,0,1,1,0.9996101532805935,0.9470706478808203,0.9422841232473911,0.9994975377741315,0.9665245832868518,0.992765995775228,0.0,0.8743340836219977,0.0,0.0,0.0,0.9989910947077629,0.9858552219993699,0.0,1
0,0,0,1,0,1,1,0,0,1,0.9995393490150071,0.0,0.0,0.9997038978016465,0.5,0.0,0.0,0.0,0.0,0.0,0.0,0.0,0.0,0.0,0
0,0,1,1,0,1,0,0,0,1,0.9998595898186933,0.0,0.0,0.9996926027412405,0.0,0.0,0.0,0.0,0.0,0.0,0.0,0.0,0.0,0.0,0
0,1,1,1,0,1,0,0,0,1,0.9996530682782854,0.9861626192581294,0.0,0.9995224158642598,0.0,0.8440417392452615,0.0,0.9855338591935681,0.9950265092126607,0.0,0.0,0.936548965138893,0.9807143934563513,0.5,1
1,1,1,1,1,1,0,0,0,1,0.9995863419865022,0.0,0.0,0.9993284604048075,0.5,0.9877588209421515,0.0,0.0,0.0,0.0,0.0,0.9665245832868518,0.8743340836219977,0.0,1
0,1,1,1,1,1,0,0,0,1,0.9995648532650563,0.9422841232473911,0.0,0.9988508680849224,0.0,0.0,0.0,0.0,0.0,0.0,0.0,0.9983113573492902,0.975526687091491,0.0,1
0,1,1,1,1,1,1,1,1,1,0.9997756801458703,0.8743340836219977,0.0,0.9995783975633785,0.0,0.9945589378541198,0.0,0.9892108674324538,0.9801121043528216,0.0,0.0,0.9981053038907346,0.9929267380448502,0.0,1
0,0,1,1,0,1,0,0,1,1,0.9997636020263251,0.9855338591935681,0.0,0.9986625654710297,0.0,0.9772732390123643,0.0,0.9848452496488564,0.0,0.0,0.0,0.9967847759617712,0.997939749029512,0.0,1
0,0,1,1,1,1,0,1,1,1,0.9995504098400199,0.8948630865774932,0.0,0.99946094867043,0.0,0.9625948815174468,0.0,0.8948630865774932,0.0,0.0,0.0,0.9511254960556053,0.9877588209421515,0.0,1
0,1,1,1,1,1,0,1,1,1,0.9998409643369661,0.9208331516788689,0.0,0.9997460631278007,0.9602629513889184,0.9867390064001997,0.0,0.9864569418318746,0.9422841232473911,0.9665245832868518,0.0,0.9988340310246457,0.9936970398904674,0.0,0
0,0,1,1,1,1,1,0,1,1,0.9997465685753432,0.9864569418318746,0.0,0.9993169318368393,0.7951672353008666,0.9864569418318746,0.0,0.9965401439969465,0.0,0.0,0.0,0.8743340836219977,0.9980351303984509,0.0,0
0,0,1,1,1,1,0,1,1,1,0.9996235247201917,0.9208331516788689,0.0,0.9989715359959014,0.0,0.909665529398267,0.0,0.9665245832868518,0.0,0.0,0.0,0.9681954974876473,0.9646685542237308,0.0,1
0,0,1,1,0,1,0,0,1,1,0.9996645839233611,0.9900536254420992,0.0,0.9995087811373261,0.0,0.0,0.0,0.9893906527347536,0.0,0.0,0.0,0.5,0.9959191599184657,0.0,0
0,0,0,1,0,1,0,1,1,1,0.9997845618449863,0.0,0.0,0.9995263246615412,0.0,0.9851975571792263,0.0,0.8440417392452615,0.0,0.0,0.0,0.9890248844484466,0.0,0.0,0
1,1,1,1,1,1,0,1,1,1,0.9998888776809388,0.0,0.0,0.9998015524464627,0.975526687091491,0.5,0.7951672353008666,0.9723383008666762,0.9915122393230001,0.0,0.0,0.9977182184722792,0.9832507137913893,0.0,0
0,0,0,1,1,1,0,0,0,1,0.9924215511869706,0.5,0.0,0.9818158106487032,0.0,0.9780562887679781,0.0,0.0,0.0,0.0,0.0,0.0,0.8743340836219977,0.0,1
0,0,1,1,1,1,0,1,1,1,0.9995929541652082,0.936548965138893,0.0,0.9989910947077629,0.5,0.9422841232473911,0.0,0.8440417392452615,0.0,0.0,0.0,0.9665245832868518,0.9906386193251066,0.0,1
0,1,1,1,1,1,0,0,1,1,0.999600113260905,0.9295534250454455,0.0,0.9991859086632287,0.0,0.0,0.0,0.9807143934563513,0.7951672353008666,0.0,0.0,0.9967014814741701,0.5,0.0,1
0,0,1,1,1,1,0,1,1,1,0.9991951713865905,0.0,0.0,0.9986981208897231,0.0,0.9208331516788689,0.0,0.9794709970445046,0.0,0.0,0.0,0.9884263702665559,0.9772732390123643,0.0,1
1,1,1,1,1,1,1,1,1,1,0.9999271435374699,0.9875188587324953,0.0,0.9998846494355136,0.9681954974876473,0.9953868939872793,0.9546042580002793,0.9904989178192587,0.9422841232473911,0.0,0.0,0.9999102087774124,0.9208331516788689,0.0,2
0,1,1,1,1,1,1,0,1,1,0.9997063562143822,0.9745487773040165,0.0,0.999633283581824,0.0,0.9918386551749466,0.9646685542237308,0.9734895107734577,0.8948630865774932,0.0,0.0,0.9997383396068563,0.9625948815174468,0.0,2
0,0,1,1,0,1,0,0,0,1,0.9992580192492916,0.9208331516788689,0.0,0.9991689041635676,0.0,0.9900536254420992,0.0,0.9780562887679781,0.0,0.0,0.0,0.9991255228407059,0.7951672353008666,0.0,1
0,1,1,1,1,1,1,0,1,1,0.9996879315091295,0.9780562887679781,0.0,0.9996050746335584,0.0,0.9840878201759484,0.0,0.9602629513889184,0.8743340836219977,0.0,0.0,0.9996573629112504,0.9511254960556053,0.0,2
0,1,1,1,1,1,0,1,1,1,0.9996401245310593,0.909665529398267,0.0,0.9994898881120836,0.5,0.9851975571792263,0.0,0.9723383008666762,0.0,0.0,0.0,0.9993065146834886,0.8743340836219977,0.0,1
1,1,1,1,1,1,0,0,0,1,0.9995744520872003,0.9602629513889184,0.0,0.9996045840431672,0.0,0.9884263702665559,0.9625948815174468,0.9787871951889292,0.9208331516788689,0.0,0.0,0.9994088954601488,0.9772732390123643,0.0,1
0,0,0,1,1,1,1,0,0,1,0.9992623180910332,0.7951672353008666,0.0,0.999363380439839,0.0,0.9888323777193981,0.0,0.9764322622593172,0.9665245832868518,0.0,0.0,0.9992421196766411,0.0,0.0,1
0,1,1,1,1,1,0,0,0,1,0.9997748869357024,0.9764322622593172,0.0,0.9997110214577202,0.0,0.9886329979036909,0.8743340836219977,0.9855338591935681,0.8948630865774932,0.0,0.0,0.9998166945710413,0.9546042580002793,0.0,2
0,0,0,1,1,1,0,0,1,1,0.9997029305990855,0.9875188587324953,0.0,0.9995117947487955,0.9745487773040165,0.9861626192581294,0.9546042580002793,0.9938194196991037,0.8948630865774932,0.0,0.0,0.9994721230294656,0.9295534250454455,0.0,1
0,0,0,1,0,0,0,0,1,1,0.9996586489483338,0.9208331516788689,0.0,0.9995076414188412,0.0,0.9912797266334235,0.0,0.0,0.0,0.0,0.0,0.9994734328972806,0.0,0.0,1
0,0,1,1,1,1,1,0,1,1,0.9999403634875406,0.9957840366509002,0.0,0.9997326250588258,0.0,0.991941952232675,0.8743340836219977,0.9973138565636879,0.9734895107734577,0.9208331516788689,0.0,0.9999119231089781,0.9924215511869706,0.0,2
0,1,1,1,1,1,1,0,0,1,0.9997799447815373,0.9844757663633736,0.0,0.999721269819751,0.0,0.9982558406040244,0.5,0.997522892764472,0.0,0.0,0.0,0.9998166417757017,0.9646685542237308,0.0,1
0,1,1,1,1,1,1,1,1,1,0.9998596207801436,0.9925107011335056,0.0,0.9998158461803266,0.0,0.9966316728476209,0.0,0.9953532228722546,0.9576213907301072,0.0,0.0,0.9998606043875206,0.0,0.0,1
0,1,1,1,1,1,1,0,0,1,0.9997825009403492,0.9892108674324538,0.0,0.9997101003058455,0.9723383008666762,0.9933687838752314,0.0,0.993227704703609,0.0,0.9681954974876473,0.0,0.9997465685753432,0.9916239074103248,0.0,2
0,1,1,1,1,1,1,0,1,1,0.9997816804707095,0.9807143934563513,0.9772732390123643,0.9994159453268279,0.0,0.9929267380448502,0.9625948815174468,0.9897328294136366,0.0,0.0,0.9915122393230001,0.9996770067388415,0.9895645450473826,0.0,2
0,1,1,1,1,1,1,0,1,1,0.9998245259767792,0.9576213907301072,0.0,0.9997585818195486,0.0,0.9902066222601985,0.9875188587324953,0.9960458907708681,0.9928472698424959,0.0,0.0,0.9998834243242536,0.0,0.0,1
0,1,1,1,1,1,1,0,1,1,0.9997855777203456,0.9723383008666762,0.0,0.999685619891053,0.0,0.9902066222601985,0.0,0.9807143934563513,0.7951672353008666,0.0,0.9646685542237308,0.9998337807420624,0.5,0.0,1
0,1,1,1,0,1,0,0,0,1,0.9993333826809514,0.7048327646991335,0.0,0.9994361208096686,0.5,0.9855338591935681,0.0,0.9697076556232638,0.8948630865774932,0.9511254960556053,0.0,0.9996053194725325,0.8440417392452615,0.0,1
0,1,1,1,1,1,0,0,0,1,0.9992707680481918,0.9665245832868518,0.0,0.9991020883635847,0.0,0.0,0.0,0.9576213907301072,0.9872693017980544,0.0,0.0,0.9992838925715851,0.0,0.0,1
0,1,1,1,1,1,1,0,1,1,0.9997723105346127,0.9836799920623798,0.0,0.9996786371941982,0.0,0.9879897312593258,0.8948630865774932,0.9946503799351295,0.9511254960556053,0.0,0.0,0.9997491647992816,0.8440417392452615,0.0,2
0,1,1,1,0,1,1,0,1,1,0.9998883514966959,0.9764322622593172,0.0,0.9996217351767982,0.0,0.9936970398904674,0.0,0.9962330630616506,0.0,0.0,0.0,0.9998753192784513,0.7048327646991335,0.0,2
0,1,1,1,1,1,0,0,1,1,0.9998000566107301,0.9576213907301072,0.0,0.9996720145718487,0.0,0.9925977781090763,0.0,0.9745487773040165,0.8440417392452615,0.0,0.0,0.9997180603495365,0.9697076556232638,0.0,2
0,1,1,1,0,1,0,0,0,1,0.9997740880959386,0.9422841232473911,0.0,0.9996169556585177,0.0,0.9879897312593258,0.0,0.0,0.9625948815174468,0.0,0.0,0.9995733112084187,0.8948630865774932,0.0,1
0,0,0,1,0,0,0,0,1,1,0.9988966739428496,0.8440417392452615,0.0,0.99811092610133,0.0,0.0,0.0,0.0,0.0,0.0,0.0,0.9978346349751267,0.0,0.0,1
0,1,1,1,1,1,0,1,1,1,0.999825679146644,0.9602629513889184,0.0,0.9996937856068921,0.0,0.9942127069499783,0.0,0.9844757663633736,0.9646685542237308,0.9646685542237308,0.0,0.9998030260668155,0.9576213907301072,0.0,1
0,1,1,1,1,1,1,0,0,1,0.9991869483700625,0.0,0.0,0.998412422811252,0.0,0.9818158106487032,0.0,0.7048327646991335,0.0,0.0,0.0,0.9988631801862684,0.8440417392452615,0.0,2
0,0,0,1,1,1,0,0,1,1,0.9995022520385893,0.0,0.0,0.9987919942916673,0.0,0.9576213907301072,0.0,0.0,0.9801121043528216,0.0,0.0,0.9995252649855614,0.0,0.0,1
0,0,1,1,1,1,1,0,1,1,0.9998865609826034,0.9877588209421515,0.0,0.999558209805571,0.0,0.997522892764472,0.0,0.9935697159376916,0.992765995775228,0.9943663437676137,0.0,0.9995563625997799,0.991941952232675,0.0,2
0,0,1,1,1,1,1,0,1,1,0.9997138787732571,0.9895645450473826,0.0,0.9992965530240099,0.0,0.9882120923303974,0.0,0.9952134753665708,0.0,0.0,0.0,0.9991243199850567,0.909665529398267,0.0,2
0,0,1,1,1,1,0,0,1,1,0.999678312421332,0.9625948815174468,0.0,0.9989154699207706,0.5,0.9861626192581294,0.0,0.9208331516788689,0.0,0.0,0.0,0.9979980576292421,0.9546042580002793,0.0,2
0,0,1,1,1,1,0,1,1,1,0.999880402073102,0.9836799920623798,0.0,0.9998021691262041,0.0,0.997804768106481,0.9602629513889184,0.9208331516788689,0.0,0.0,0.9723383008666762,0.9992130785560798,0.909665529398267,0.0,2
0,1,1,1,0,1,0,0,0,1,0.9989597725395502,0.9208331516788689,0.0,0.997066289097121,0.0,0.7048327646991335,0.8948630865774932,0.0,0.5,0.0,0.0,0.9910341171655292,0.8440417392452615,0.0,2
0,0,1,1,1,1,1,0,1,1,0.9998949645658157,0.9900536254420992,0.0,0.9998112041062561,0.0,0.9980882346585792,0.9697076556232638,0.9961879511164052,0.0,0.0,0.9954200806510853,0.99932916803294,0.9947387993473897,0.0,2
0,1,1,1,1,1,1,1,1,1,0.9999219446089778,0.9965956486414366,0.0,0.999818884849163,0.0,0.9929267380448502,0.0,0.9913975537230216,0.9818158106487032,0.0,0.9807143934563513,0.9943160459268107,0.9973693547565877,0.0,2
0,0,0,1,0,1,0,1,1,1,0.9997477734789789,0.9646685542237308,0.0,0.9994595758748335,0.0,0.0,0.0,0.9925977781090763,0.9772732390123643,0.7048327646991335,0.0,0.9940504557159496,0.0,0.0,1
0,0,0,1,0,1,0,1,1,1,0.999520617731897,0.5,0.0,0.9989477368717211,0.0,0.9918386551749466,0.0,0.9576213907301072,0.0,0.0,0.8743340836219977,0.997473744322327,0.9903549838917163,0.0,1
0,1,1,1,1,1,1,1,1,1,0.9998482432037405,0.997812311799201,0.0,0.9997382320162463,0.9745487773040165,0.9957274482268388,0.936548965138893,0.9986597498277007,0.9734895107734577,0.0,0.9827982477891337,0.9997215136781453,0.9956396587851014,0.0,2
0,1,1,1,1,1,1,1,1,1,0.9997345205440098,0.9945120344597916,0.0,0.99959961025885,0.9895645450473826,0.9928472698424959,0.0,0.996848442713802,0.0,0.5,0.9665245832868518,0.9993562997417449,0.9915122393230001,0.0,2
0,1,1,1,1,1,0,1,1,1,0.9995475339977445,0.9867390064001997,0.0,0.9993270406604196,0.9848452496488564,0.9906386193251066,0.0,0.9917326755234589,0.0,0.0,0.0,0.9988692378279185,0.9890248844484466,0.5,2
0,0,0,1,1,1,0,0,1,1,0.999778644038,0.9965773460288905,0.0,0.9979263272937159,0.0,0.0,0.0,0.0,0.987009563023251,0.0,0.0,0.9983923777294129,0.9861626192581294,0.0,2
0,1,1,1,1,1,1,1,1,1,0.9997831676608481,0.9945120344597916,0.0,0.9996936382467643,0.9875188587324953,0.99625522100158,0.9625948815174468,0.9939943312541037,0.9295534250454455,0.9602629513889184,0.9937588296381495,0.9994549489582051,0.9930804923643742,0.0,2
0,1,1,1,1,1,1,1,1,1,0.9998671217359378,0.9935041053254982,0.0,0.9996768427828996,0.9840878201759484,0.9961649875203987,0.9900536254420992,0.9954200806510853,0.9855338591935681,0.8948630865774932,0.9930044599065526,0.9993843137583297,0.9959191599184657,0.0,2
0,1,1,1,1,1,1,1,1,1,0.9999168686643055,0.994464315415404,0.0,0.9997879347938641,0.9827982477891337,0.9969245660869138,0.9546042580002793,0.9977100106957321,0.9917326755234589,0.9710826421944466,0.996982867270172,0.9996471065924825,0.9967353118372144,0.0,2
0,1,1,1,1,1,1,1,1,1,0.9998814929700273,0.9979725553500105,0.0,0.9997612974343707,0.9910341171655292,0.9957274482268388,0.5,0.9934371420594814,0.9958391457030797,0.5,0.9295534250454455,0.9994243945760507,0.998412422811252,0.0,2
0,1,1,1,1,1,1,1,1,1,0.9998969036814895,0.9925107011335056,0.0,0.9994554152120766,0.0,0.9943160459268107,0.0,0.9794709970445046,0.9422841232473911,0.0,0.9764322622593172,0.9987190766332698,0.9932989867291053,0.0,2
0,1,1,1,1,1,0,1,1,1,0.9997463666379743,0.9710826421944466,0.0,0.9993752506692828,0.909665529398267,0.9925107011335056,0.0,0.9208331516788689,0.0,0.9295534250454455,0.8743340836219977,0.9979725553500105,0.9936340144701836,0.0,2
0,0,1,1,0,1,0,0,1,1,0.9997316105671792,0.9787871951889292,0.0,0.9992910695888463,0.0,0.9904989178192587,0.0,0.9295534250454455,0.9422841232473911,0.0,0.0,0.9941596154838043,0.9646685542237308,0.0,2
0,1,1,1,1,1,1,1,1,1,0.9999209855071244,0.9956693200520217,0.0,0.9997980267287411,0.9807143934563513,0.9958661634755189,0.0,0.9910341171655292,0.0,0.0,0.9877588209421515,0.9995423295020177,0.987009563023251,0.0,2
0,1,1,1,1,1,1,0,1,1,0.9999519532248182,0.9948243435248334,0.0,0.9998860533800664,0.9861626192581294,0.9942648418915018,0.8743340836219977,0.9925977781090763,0.9764322622593172,0.0,0.0,0.9997741682349542,0.9646685542237308,0.0,2
0,0,1,1,1,1,0,0,1,1,0.9998796559990957,0.9646685542237308,0.0,0.9996467149239641,0.0,0.995177215198451,0.0,0.0,0.0,0.0,0.0,0.9995406784546172,0.0,0.0,2
0,0,1,1,1,1,0,1,1,1,0.9991279186655382,0.975526687091491,0.0,0.9986846717634399,0.0,0.8440417392452615,0.0,0.9764322622593172,0.0,0.0,0.0,0.9978272447081017,0.9681954974876473,0.0,1
1,1,1,1,1,1,1,1,1,1,0.9999474476002213,0.9900536254420992,0.0,0.9998207714652174,0.0,0.9958928326461443,0.0,0.9936340144701836,0.0,0.0,0.0,0.999383120568685,0.9295534250454455,0.0,2
0,1,1,1,1,1,1,1,1,1,0.9997832414886733,0.9949475682034096,0.0,0.9997030691575546,0.0,0.9780562887679781,0.0,0.7048327646991335,0.0,0.0,0.0,0.9986873837727281,0.9840878201759484,0.0,2
0,1,1,1,1,1,0,1,1,1,0.9999210345113988,0.9907742723749111,0.0,0.9997815306289031,0.0,0.9470706478808203,0.0,0.9933687838752314,0.0,0.0,0.0,0.9998711556843402,0.909665529398267,0.0,2
0,1,1,1,1,1,0,1,1,1,0.9995018625645999,0.992765995775228,0.0,0.9991806699860042,0.0,0.9947819220034485,0.0,0.5,0.0,0.0,0.0,0.9990426777556285,0.0,0.0,1
0,1,1,1,0,1,1,0,1,1,0.9997582150619986,0.9665245832868518,0.0,0.9991058716941456,0.5,0.9780562887679781,0.0,0.981281285356708,0.0,0.0,0.0,0.9979725553500105,0.9764322622593172,0.0,2
0,0,1,1,1,1,0,0,1,1,0.9993256149001724,0.9917326755234589,0.0,0.9990733343191436,0.0,0.9906386193251066,0.0,0.8743340836219977,0.0,0.0,0.0,0.9971062936909627,0.9910341171655292,0.0,2
0,0,1,1,0,1,0,0,0,1,0.997522892764472,0.8743340836219977,0.0,0.9962987639564294,0.0,0.8440417392452615,0.0,0.5,0.0,0.0,0.0,0.9906386193251066,0.0,0.0,1
0,1,1,1,1,1,0,1,1,1,0.9997520951167489,0.9915122393230001,0.0,0.9992283400477747,0.0,0.936548965138893,0.0,0.9511254960556053,0.0,0.0,0.0,0.9996040922324023,0.7048327646991335,0.0,2
0,0,1,1,1,1,1,0,1,1,0.9994254335744461,0.9745487773040165,0.0,0.9985055901337219,0.0,0.981281285356708,0.0,0.0,0.0,0.0,0.0,0.9958928326461443,0.0,0.0,2
0,0,1,1,1,1,1,0,1,1,0.9997272409025652,0.981281285356708,0.0,0.9991545559122021,0.0,0.9930044599065526,0.0,0.9921408959050638,0.7048327646991335,0.0,0.0,0.9993614648356248,0.9823206636533935,0.0,2
0,0,1,1,1,1,1,0,1,1,0.9981165150446991,0.8743340836219977,0.0,0.9965021243623434,0.0,0.7951672353008666,0.0,0.8440417392452615,0.7951672353008666,0.0,0.0,0.9913975537230216,0.8440417392452615,0.0,2
0,1,1,1,1,1,1,0,1,1,0.9998237486832496,0.9844757663633736,0.0,0.9996628073554901,0.0,0.9893906527347536,0.0,0.9935041053254982,0.7048327646991335,0.0,0.0,0.9988254261070146,0.9734895107734577,0.0,2
0,1,1,1,1,1,1,1,1,1,0.9990295437816312,0.8743340836219977,0.0,0.9985661741082812,0.5,0.936548965138893,0.0,0.9576213907301072,0.7048327646991335,0.0,0.0,0.9976067038599215,0.8743340836219977,0.0,2
0,1,1,1,0,1,1,0,1,1,0.9995654473218477,0.9422841232473911,0.0,0.9993409735559418,0.9511254960556053,0.9794709970445046,0.0,0.9602629513889184,0.7048327646991335,0.0,0.0,0.9986069611459655,0.5,0.0,2
0,0,1,1,1,1,1,0,1,1,0.9998193474020206,0.9208331516788689,0.0,0.9996208340100707,0.0,0.9906386193251066,0.0,0.9904989178192587,0.9295534250454455,0.7048327646991335,0.0,0.9993608237364928,0.9511254960556053,0.0,2
0,1,1,1,1,1,1,0,1,1,0.9998938613260305,0.9602629513889184,0.0,0.9997662923113917,0.9681954974876473,0.9967353118372144,0.0,0.9957559310585664,0.9912797266334235,0.0,0.9208331516788689,0.9996971361920363,0.9844757663633736,0.0,2
1,0,1,1,1,1,1,0,1,1,0.9998743844190795,0.9665245832868518,0.0,0.9996859300835127,0.0,0.9934371420594814,0.8440417392452615,0.9941596154838043,0.9511254960556053,0.0,0.0,0.9992918581648486,0.8440417392452615,0.0,2
0,0,1,1,1,1,1,0,1,1,0.9999037611840488,0.9890248844484466,0.0,0.9997922937194851,0.0,0.9973363344879906,0.0,0.9932989867291053,0.8743340836219977,0.0,0.0,0.9994290407159846,0.9602629513889184,0.0,2
0,1,1,1,1,1,1,0,1,1,0.9998248638909746,0.975526687091491,0.0,0.9995764340130209,0.0,0.9906386193251066,0.0,0.9965401439969465,0.9963622123239513,0.0,0.9882120923303974,0.9995061135417771,0.5,0.0,2
0,0,1,1,1,1,1,0,1,1,0.9998581190635554,0.9877588209421515,0.0,0.9997856499163938,0.0,0.9947819220034485,0.0,0.9898957727866763,0.8743340836219977,0.0,0.0,0.9994734328972806,0.9681954974876473,0.0,2
0,1,1,1,1,1,1,0,1,1,0.9998797923404832,0.9602629513889184,0.0,0.9997758381175854,0.9807143934563513,0.9963201579064958,0.9780562887679781,0.9946503799351295,0.0,0.0,0.0,0.9993855023410687,0.0,0.0,2
0,0,1,1,1,1,1,0,1,1,0.9998798150340185,0.9576213907301072,0.0,0.9996992821327266,0.0,0.995284384229317,0.0,0.9944157592586553,0.9576213907301072,0.0,0.0,0.9994430274628718,0.0,0.0,2
1,0,1,1,1,1,1,0,1,1,0.9998629746529195,0.9745487773040165,0.0,0.9996821668899277,0.0,0.9933687838752314,0.0,0.9938194196991037,0.9903549838917163,0.9422841232473911,0.0,0.9994849355716333,0.936548965138893,0.0,2
0,0,1,1,1,1,1,0,1,1,0.9998252964444604,0.9928472698424959,0.0,0.9997347417768642,0.0,0.9949873494801413,0.0,0.9980167672494045,0.0,0.0,0.0,0.9993102713723963,0.9801121043528216,0.0,2
1,0,1,1,1,1,1,0,1,1,0.9998798603953936,0.9867390064001997,0.0,0.9997363893432786,0.0,0.9953868939872793,0.0,0.9964827994747445,0.7951672353008666,0.0,0.0,0.9996058082408625,0.7951672353008666,0.0,2
0,0,1,1,1,1,1,0,1,1,0.9998672048887913,0.9665245832868518,0.0,0.9997391971582329,0.9827982477891337,0.9932989867291053,0.0,0.9745487773040165,0.9681954974876473,0.0,0.0,0.9995833640828021,0.9734895107734577,0.0,2
0,0,1,1,1,1,1,0,1,1,0.9998726505773403,0.9855338591935681,0.0,0.9996378727510212,0.0,0.9925107011335056,0.0,0.9966316728476209,0.8440417392452615,0.0,0.0,0.9997071666386992,0.9208331516788689,0.0,2
0,0,0,1,1,1,0,0,1,1,0.9999254805373453,0.9422841232473911,0.0,0.9998152583417014,0.0,0.9953868939872793,0.0,0.996832763582402,0.0,0.0,0.0,0.9996823254892577,0.0,0.0,2
0,0,1,1,1,1,1,0,1,1,0.9998839344092408,0.936548965138893,0.0,0.9997186832828413,0.0,0.9953532228722546,0.0,0.997522892764472,0.9900536254420992,0.0,0.0,0.9996096752344603,0.9794709970445046,0.0,2
0,0,1,1,1,1,1,0,1,1,0.9998749027777218,0.9818158106487032,0.0,0.9997362801425219,0.0,0.9929267380448502,0.9422841232473911,0.9958391457030797,0.0,0.0,0.0,0.9996490519802212,0.9665245832868518,0.0,2
0,1,1,1,1,1,1,0,1,1,0.9999078297715479,0.9942127069499783,0.9787871951889292,0.9997956276884437,0.9900536254420992,0.997066289097121,0.0,0.9923302533570547,0.9801121043528216,0.0,0.0,0.9998406458675666,0.9903549838917163,0.0,2
0,0,1,1,1,1,1,0,1,1,0.9998712599062306,0.9926828535826268,0.0,0.9997213918023088,0.0,0.9955791004240602,0.0,0.9989173143561213,0.0,0.0,0.0,0.9994907042907557,0.9936970398904674,0.0,2
0,0,1,1,1,1,1,0,1,1,0.9999145706161372,0.981281285356708,0.0,0.9998318489810981,0.0,0.9976245641124765,0.0,0.9935041053254982,0.9877588209421515,0.0,0.0,0.9995475339977445,0.9787871951889292,0.0,2
1,0,1,1,1,1,1,0,1,1,0.99991783430965,0.9898957727866763,0.0,0.9998241867560942,0.9950265092126607,0.9948660808729916,0.0,0.9972559662508195,0.0,0.0,0.5,0.9996185621952147,0.9888323777193981,0.0,2
0,1,1,1,1,1,1,0,1,1,0.9999518623991567,0.9916239074103248,0.0,0.99986742612179,0.0,0.9974636796649621,0.0,0.998473336805719,0.9897328294136366,0.0,0.0,0.9998370566269605,0.9723383008666762,0.0,2
0,0,1,1,1,1,1,0,1,1,0.999902223964466,0.9879897312593258,0.0,0.9995980936314449,0.0,0.9923302533570547,0.0,0.9962106413460128,0.9734895107734577,0.0,0.0,0.9990310208816593,0.8743340836219977,0.0,2
0,0,1,1,1,1,1,0,1,1,0.9999288215820982,0.9950265092126607,0.0,0.9997258312950003,0.8743340836219977,0.9975132166625718,0.0,0.9942648418915018,0.9882120923303974,0.0,0.9872693017980544,0.9993640164229922,0.9844757663633736,0.0,2
0,0,1,1,1,1,1,0,1,1,0.9999114945407666,0.9941596154838043,0.0,0.9997539158327562,0.0,0.9950650618543119,0.0,0.9982978121516871,0.9848452496488564,0.0,0.7048327646991335,0.9996391044760935,0.9832507137913893,0.0,2
0,0,1,1,1,1,1,0,1,1,0.9999040946418272,0.9952491943685178,0.0,0.9997532481626018,0.9807143934563513,0.9965212380553261,0.0,0.9978492657081862,0.7048327646991335,0.0,0.8743340836219977,0.9996748622487153,0.9925107011335056,0.0,2
0,0,0,1,1,1,1,0,1,1,0.9998843980814655,0.9780562887679781,0.0,0.9996435499967297,0.0,0.9948660808729916,0.0,0.9974535344916212,0.9697076556232638,0.0,0.0,0.9994902965281524,0.9422841232473911,0.0,2
0,0,1,1,1,1,1,0,1,1,0.9998590925714982,0.9710826421944466,0.0,0.9996723521790234,0.7048327646991335,0.9928472698424959,0.0,0.9963622123239513,0.9794709970445046,0.0,0.0,0.9994738680765061,0.9470706478808203,0.0,2
0,0,1,1,1,1,0,1,1,1,0.9996235247201917,0.7951672353008666,0.0,0.9991523043993132,0.7951672353008666,0.9772732390123643,0.0,0.9576213907301072,0.8948630865774932,0.0,0.0,0.9986190482129073,0.0,0.0,2
0,0,1,1,1,1,1,0,1,1,0.9999247049356121,0.909665529398267,0.0,0.9998497829729702,0.9470706478808203,0.9964632598727627,0.5,0.9906386193251066,0.5,0.0,0.0,0.9996599253676213,0.909665529398267,0.0,2
1,0,1,1,1,1,1,0,1,1,0.9999020886239085,0.981281285356708,0.9576213907301072,0.9997869411818611,0.9787871951889292,0.9929267380448502,0.0,0.9963622123239513,0.9823206636533935,0.0,0.0,0.9998346442186881,0.9772732390123643,0.0,2
0,1,0,1,0,1,0,0,1,1,0.9983507296680577,0.7951672353008666,0.0,0.9953532228722546,0.0,0.9422841232473911,0.0,0.7048327646991335,0.7951672353008666,0.0,0.0,0.9917326755234589,0.0,0.0,2
0,0,1,1,1,1,1,0,1,1,0.999859867981051,0.9470706478808203,0.0,0.9997949694845872,0.9906386193251066,0.9971062936909627,0.0,0.9955168362771252,0.9295534250454455,0.0,0.0,0.9996716762682181,0.909665529398267,0.0,2
0,1,1,1,1,1,1,0,1,1,0.9996940799022752,0.9602629513889184,0.0,0.9993277512822136,0.0,0.9867390064001997,0.0,0.9851975571792263,0.7951672353008666,0.0,0.0,0.9987060591550512,0.8948630865774932,0.0,2
0,0,1,1,1,1,1,0,1,1,0.9998318933832664,0.9710826421944466,0.0,0.9997931037536711,0.0,0.9959191599184657,0.0,0.9913975537230216,0.9681954974876473,0.0,0.0,0.9994526056616715,0.9646685542237308,0.0,2
0,0,1,1,1,1,1,0,1,1,0.9996604694869299,0.9208331516788689,0.0,0.99932916803294,0.0,0.9787871951889292,0.0,0.993227704703609,0.0,0.0,0.0,0.9977971722088979,0.8440417392452615,0.0,1
0,0,1,1,1,1,1,0,1,1,0.9999225900086054,0.9875188587324953,0.0,0.9998399648670293,0.0,0.9971831167358665,0.0,0.9974636796649621,0.975526687091491,0.0,0.0,0.9998077838909958,0.9665245832868518,0.0,2
0,1,1,1,0,1,1,0,1,1,0.9992996484977488,0.8743340836219977,0.0,0.9986426038216978,0.9734895107734577,0.9723383008666762,0.0,0.9723383008666762,0.9827982477891337,0.0,0.0,0.9979853871922334,0.9422841232473911,0.0,2
0,0,1,1,1,1,0,0,1,1,0.9999142830525757,0.0,0.0,0.9998465236836948,0.5,0.9978849919263362,0.0,0.9978637000577937,0.936548965138893,0.0,0.0,0.9997809291991608,0.9576213907301072,0.0,2
0,1,1,1,1,1,1,0,1,1,0.999870894389852,0.9900536254420992,0.0,0.9997560843903387,0.0,0.9956693200520217,0.0,0.9969393515984974,0.9827982477891337,0.0,0.0,0.9997543905321058,0.8440417392452615,0.0,2
0,0,1,1,1,1,1,0,1,1,0.9999363952672345,0.9836799920623798,0.0,0.9998296897385822,0.0,0.9965773460288905,0.0,0.9986279767527588,0.9734895107734577,0.0,0.0,0.9997366074737102,0.9723383008666762,0.0,2
0,1,1,1,1,1,1,0,1,1,0.9999207099552777,0.9907742723749111,0.0,0.9997821287653958,0.9764322622593172,0.9974636796649621,0.7951672353008666,0.9986681614150399,0.9916239074103248,0.0,0.9892108674324538,0.9997297878887363,0.9780562887679781,0.0,2
0,0,1,1,1,1,1,0,1,1,0.9999450621530216,0.9930044599065526,0.0,0.999903513221053,0.0,0.9977182184722792,0.0,0.9992657214647505,0.996277119793232,0.0,0.0,0.999862649457931,0.9921408959050638,0.0,2
0,1,1,1,1,1,1,0,1,1,0.9995406784546172,0.0,0.0,0.9991454773288174,0.9602629513889184,0.9745487773040165,0.0,0.9511254960556053,0.0,0.0,0.0,0.9935697159376916,0.9295534250454455,0.8440417392452615,2
0,0,1,1,1,1,1,0,1,1,0.999881801009088,0.9832507137913893,0.0,0.9996684272318735,0.0,0.5,0.0,0.9937588296381495,0.9848452496488564,0.0,0.0,0.9993470568726777,0.9681954974876473,0.0,2
1,0,1,1,1,1,1,0,1,1,0.9994663708103374,0.5,0.0,0.9988611465236736,0.9625948815174468,0.7951672353008666,0.0,0.936548965138893,0.9511254960556053,0.0,0.0,0.9987988320435534,0.9208331516788689,0.0,2
0,0,0,1,0,1,0,0,1,1,0.9997189316860912,0.7951672353008666,0.0,0.9995970761472389,0.0,0.9907742723749111,0.0,0.9918386551749466,0.9801121043528216,0.9840878201759484,0.0,0.9986625654710297,0.8743340836219977,0.5,2
0,0,0,1,1,1,0,0,1,1,0.9995814466267983,0.0,0.0,0.9991931312655448,0.0,0.936548965138893,0.0,0.0,0.9933687838752314,0.0,0.0,0.9903549838917163,0.9295534250454455,0.0,1
0,0,0,1,1,1,1,0,1,1,0.9999089372381598,0.0,0.0,0.9996988553808499,0.9867390064001997,0.9295534250454455,0.0,0.9931548899066752,0.0,0.0,0.0,0.9982117469157955,0.9844757663633736,0.0,2
0,1,1,1,1,1,0,0,1,1,0.9999117521807196,0.9879897312593258,0.0,0.9997689220528462,0.0,0.0,0.0,0.9947387993473897,0.9858552219993699,0.0,0.9915122393230001,0.9989209844699073,0.9787871951889292,0.0,2
0,1,1,1,1,1,1,1,1,1,0.9999037611840488,0.936548965138893,0.8743340836219977,0.9997213918023088,0.9801121043528216,0.9956095884165835,0.0,0.9973251427475356,0.9511254960556053,0.0,0.9295534250454455,0.9992814678306552,0.9602629513889184,0.0,2
0,1,1,1,1,1,1,1,1,1,0.9998905399301764,0.8948630865774932,0.0,0.9997574781936872,0.0,0.975526687091491,0.0,0.997079746297372,0.9895645450473826,0.0,0.0,0.9991243199850567,0.9697076556232638,0.0,2
0,0,1,1,1,1,0,0,1,1,0.9996933431006122,0.9861626192581294,0.0,0.9992782091841474,0.0,0.0,0.0,0.9985398654677562,0.0,0.0,0.0,0.9959191599184657,0.9935697159376916,0.0,2
0,1,1,1,1,1,0,0,1,1,0.9999047261646791,0.9890248844484466,0.0,0.9997713291145875,0.991941952232675,0.9888323777193981,0.0,0.9981862733620119,0.9967014814741701,0.0,0.0,0.9996212851295239,0.990906050425682,0.0,2
1,1,1,1,1,1,1,1,1,1,0.9999273348054329,0.9840878201759484,0.9470706478808203,0.999829735288262,0.9906386193251066,0.9818158106487032,0.0,0.9840878201759484,0.0,0.0,0.0,0.9995523068442875,0.9646685542237308,0.0,2
0,0,1,1,1,1,0,0,1,1,0.9991373721101036,0.0,0.0,0.997939749029512,0.7048327646991335,0.909665529398267,0.0,0.8743340836219977,0.0,0.0,0.0,0.936548965138893,0.9295534250454455,0.0,1
0,0,0,1,1,1,1,0,0,1,0.9998368060091201,0.0,0.0,0.9995563625997799,0.0,0.9877588209421515,0.9470706478808203,0.9734895107734577,0.8440417392452615,0.0,0.0,0.9994295523279724,0.0,0.5,1
0,0,1,1,1,1,0,0,1,1,0.9998270994685728,0.9844757663633736,0.0,0.9996914107016449,0.0,0.0,0.0,0.9898957727866763,0.0,0.0,0.9710826421944466,0.9993959966021364,0.5,0.0,1
0,1,1,1,0,1,0,0,1,1,0.9999160685868584,0.5,0.0,0.9998194498708739,0.0,0.9295534250454455,0.0,0.9953868939872793,0.0,0.0,0.0,0.9986008379179303,0.5,0.0,1
0,0,0,1,0,1,1,0,0,1,0.999629656951394,0.0,0.0,0.9993530289093455,0.9823206636533935,0.5,0.5,0.9867390064001997,0.0,0.0,0.0,0.9945120344597916,0.5,0.0,1
0,0,1,1,1,1,1,0,1,1,0.9998093381990615,0.909665529398267,0.0,0.9994694836458317,0.0,0.9780562887679781,0.0,0.9915122393230001,0.0,0.0,0.0,0.9985596862304081,0.0,0.0,2
0,0,0,1,1,1,0,0,1,1,0.9998340839828112,0.5,0.0,0.9995973310009678,0.0,0.9625948815174468,0.0,0.9983718199889456,0.909665529398267,0.0,0.0,0.9966669426410677,0.9665245832868518,0.0,2
0,0,1,1,0,1,1,0,1,1,0.9999011459988741,0.9681954974876473,0.0,0.9996743633161916,0.0,0.9864569418318746,0.9665245832868518,0.9928472698424959,0.0,0.0,0.0,0.9983718199889456,0.0,0.5,2
0,0,0,1,0,1,0,0,1,1,0.9997404729975129,0.0,0.0,0.9990129933918033,0.0,0.9734895107734577,0.0,0.9780562887679781,0.0,0.0,0.0,0.9965212380553261,0.9546042580002793,0.0,1
0,0,1,1,1,1,1,0,0,1,0.9998300988104476,0.9807143934563513,0.0,0.9995657437424093,0.0,0.9944157592586553,0.9884263702665559,0.997877941951559,0.5,0.0,0.0,0.9986367905795659,0.9646685542237308,0.0,2
0,1,1,1,1,1,0,0,1,1,0.9998606958944842,0.5,0.0,0.9994223052653118,0.0,0.9801121043528216,0.5,0.9861626192581294,0.0,0.8743340836219977,0.9922367290779615,0.9983202683508344,0.9295534250454455,0.0,2
0,0,1,1,1,1,0,0,1,1,0.9998825208036278,0.9576213907301072,0.0,0.9997650849655082,0.9886329979036909,0.9967684553072161,0.0,0.975526687091491,0.9511254960556053,0.7048327646991335,0.0,0.9997446370885585,0.9511254960556053,0.0,2
0,0,1,1,0,1,0,0,1,1,0.9997640401248277,0.0,0.0,0.9995504098400199,0.7048327646991335,0.9867390064001997,0.9295534250454455,0.9912797266334235,0.5,0.0,0.0,0.9987804233839391,0.0,0.0,2
0,1,1,1,1,1,1,0,1,1,0.9998999340196284,0.9945589378541198,0.0,0.9998036336359724,0.0,0.9987368671885652,0.0,0.9930804923643742,0.9904989178192587,0.0,0.0,0.9995585161787005,0.9888323777193981,0.0,2
0,0,1,1,0,1,0,0,1,1,0.9998816691886551,0.9929267380448502,0.0,0.9998592172131823,0.9991951713865905,0.9933687838752314,0.0,0.0,0.0,0.5,0.0,0.9995908613851414,0.9898957727866763,0.0,1
0,1,1,1,1,1,1,0,1,1,0.9999467130015167,0.9964235220511253,0.0,0.9999343352480548,0.9945589378541198,0.9991753634503795,0.0,0.9947819220034485,0.9939371378509365,0.7951672353008666,0.9907742723749111,0.9998454055949845,0.9958928326461443,0.0,2
0,1,1,1,1,1,1,0,1,1,0.9999186220415569,0.9897328294136366,0.0,0.9998710774071153,0.0,0.9988275892216275,0.9511254960556053,0.9898957727866763,0.9681954974876473,0.0,0.0,0.9997559909002713,0.9745487773040165,0.0,2
0,1,1,1,1,1,1,0,1,1,0.9999291306056175,0.9807143934563513,0.0,0.9998940556221517,0.0,0.9990944248321739,0.0,0.9907742723749111,0.9681954974876473,0.5,0.0,0.9997810045589075,0.981281285356708,0.0,2
0,1,1,1,1,1,1,0,1,1,0.999917063604903,0.9890248844484466,0.5,0.999874755112305,0.0,0.9990052824151785,0.0,0.0,0.7048327646991335,0.0,0.0,0.9997227265975119,0.9818158106487032,0.0,2
0,1,1,1,1,1,1,0,1,1,0.9999277143443135,0.992765995775228,0.0,0.9998796332454564,0.0,0.9986279767527588,0.9295534250454455,0.9895645450473826,0.9772732390123643,0.0,0.0,0.999755897338509,0.9875188587324953,0.0,2
0,1,1,1,1,1,0,0,1,1,0.9999312059898542,0.9665245832868518,0.0,0.9998937550456514,0.5,0.9991859086632287,0.9772732390123643,0.9886329979036909,0.9625948815174468,0.0,0.0,0.999765431192499,0.9931548899066752,0.0,2
0,1,1,1,1,1,1,0,1,1,0.9999345512727332,0.9895645450473826,0.0,0.9999010230461384,0.0,0.9985125733319223,0.9867390064001997,0.9734895107734577,0.5,0.0,0.9772732390123643,0.9998205188171693,0.9855338591935681,0.0,2
0,1,1,1,1,1,1,0,1,1,0.9999469262383583,0.993227704703609,0.0,0.999910373114436,0.9780562887679781,0.9993117626763739,0.9697076556232638,0.998494991521538,0.9886329979036909,0.0,0.9208331516788689,0.9998759751092318,0.9939371378509365,0.0,2
0,1,1,1,1,1,1,0,1,1,0.9998074350414544,0.9924215511869706,0.5,0.9997774056830685,0.0,0.9986367905795659,0.0,0.9912797266334235,0.0,0.0,0.0,0.9991556771895174,0.9924215511869706,0.0,2
0,1,1,1,0,1,0,0,1,1,0.9997663780756735,0.9923302533570547,0.0,0.9996905105871583,0.0,0.9989023807904269,0.0,0.0,0.0,0.0,0.0,0.9988752312544874,0.9934371420594814,0.0,1
0,0,0,1,0,1,0,0,0,1,0.9995526214563806,0.5,0.0,0.998191425966743,0.0,0.9916239074103248,0.0,0.0,0.0,0.0,0.0,0.9945589378541198,0.0,0.0,1
1,1,1,1,1,1,0,0,0,1,0.9996429502492334,0.9916239074103248,0.0,0.9979463949542058,0.0,0.990906050425682,0.0,0.987009563023251,0.0,0.0,0.0,0.994464315415404,0.7951672353008666,0.0,2
0,0,1,1,0,1,0,0,1,1,0.9994975377741315,0.9957559310585664,0.0,0.9994577345669486,0.0,0.9625948815174468,0.0,0.5,0.0,0.0,0.0,0.9939943312541037,0.975526687091491,0.0,2
0,0,1,1,1,1,0,0,1,1,0.9997063562143822,0.9986190482129073,0.0,0.999633283581824,0.0,0.992765995775228,0.0,0.0,0.0,0.5,0.9892108674324538,0.9958391457030797,0.9780562887679781,0.0,2
0,0,1,1,0,1,1,0,1,1,0.9999091840559132,0.9920426672725511,0.0,0.9997513204140674,0.0,0.9977895235626597,0.0,0.9931548899066752,0.0,0.0,0.0,0.9968639673747683,0.9983421397571476,0.0,2
0,0,0,1,1,1,0,0,1,1,0.999826392212548,0.9983334599001394,0.0,0.9997175600130441,0.0,0.9931548899066752,0.0,0.9997284045504503,0.0,0.0,0.0,0.9946503799351295,0.999517712385926,0.0,2
0,0,1,1,0,1,0,0,1,1,0.9998299172435959,0.9951404014719919,0.0,0.9996397172018097,0.0,0.9903549838917163,0.0,0.7048327646991335,0.9906386193251066,0.0,0.0,0.9780562887679781,0.0,0.0,2
0,0,1,1,0,1,0,0,1,1,0.999854153548401,0.998904269976382,0.0,0.9997877934170704,0.5,0.9993740220578209,0.0,0.0,0.0,0.0,0.0,0.9977424925392625,0.9941596154838043,0.0,2
1,1,1,1,1,1,1,0,0,1,0.9998648939382832,0.9546042580002793,0.0,0.9997388762359862,0.0,0.0,0.0,0.0,0.9470706478808203,0.0,0.0,0.9996553223009407,0.0,0.0,2
0,1,1,1,0,1,1,0,0,1,0.9997571080726909,0.8948630865774932,0.0,0.9995433144453624,0.0,0.9844757663633736,0.0,0.9836799920623798,0.9764322622593172,0.0,0.0,0.9993139875797897,0.0,0.0,2
1,1,1,1,1,1,0,0,0,1,0.9997095712918784,0.9710826421944466,0.0,0.9995806194464579,0.0,0.0,0.0,0.0,0.0,0.0,0.0,0.9981330851981507,0.7048327646991335,0.0,2
0,1,1,1,1,1,1,0,0,1,0.999715286346188,0.9780562887679781,0.0,0.9993517112501932,0.7048327646991335,0.9710826421944466,0.0,0.9422841232473911,0.8743340836219977,0.0,0.0,0.9984004561992,0.9734895107734577,0.0,2
0,1,0,1,1,1,1,0,0,1,0.9996409364326782,0.8743340836219977,0.0,0.9993176639564961,0.0,0.9422841232473911,0.0,0.8440417392452615,0.0,0.0,0.0,0.999423873666449,0.0,0.0,2
0,0,1,1,1,1,1,0,1,1,0.9995642575818269,0.8743340836219977,0.0,0.9993319836949488,0.9546042580002793,0.9801121043528216,0.0,0.8440417392452615,0.0,0.0,0.0,0.9982117469157955,0.0,0.0,1
0,0,0,1,0,1,1,0,1,1,0.9999090543188519,0.9929267380448502,0.0,0.9997275910425705,0.0,0.9960458907708681,0.0,0.0,0.0,0.0,0.5,0.9988254261070146,0.9925107011335056,0.0,1
0,0,1,1,0,1,1,0,1,1,0.9998787621853606,0.981281285356708,0.0,0.9997674023587725,0.0,0.9942127069499783,0.0,0.981281285356708,0.0,0.0,0.0,0.9996848417225934,0.9933687838752314,0.0,2
0,0,0,1,0,0,0,0,1,1,0.9992773898990212,0.9208331516788689,0.0,0.9986008379179303,0.0,0.0,0.0,0.0,0.0,0.0,0.0,0.9954850418521218,0.936548965138893,0.0,1
0,0,0,1,0,0,0,0,1,1,0.999956733738522,0.5,0.0,0.9998410834350613,0.0,0.9780562887679781,0.0,0.0,0.0,0.0,0.0,0.999831937761991,0.7951672353008666,0.0,1
0,1,1,1,0,1,1,0,1,1,0.9999073872900965,0.9772732390123643,0.0,0.9997041729895234,0.0,0.9723383008666762,0.0,0.9851975571792263,0.0,0.0,0.0,0.9995410096163952,0.9858552219993699,0.0,2
0,0,0,1,0,1,1,0,0,1,0.9997837568791157,0.9787871951889292,0.0,0.9996125260537088,0.0,0.5,0.0,0.0,0.0,0.0,0.0,0.9990484016468937,0.9710826421944466,0.0,2
0,0,0,1,0,1,0,0,0,1,0.9998690890883418,0.0,0.0,0.9997222426998376,0.0,0.0,0.0,0.9764322622593172,0.0,0.0,0.0,0.9996224082457206,0.0,0.0,1
0,0,0,1,0,1,0,1,1,1,0.9996060521713442,0.0,0.0,0.9991033530261877,0.8743340836219977,0.936548965138893,0.0,0.8440417392452615,0.8948630865774932,0.0,0.0,0.9993125059126463,0.7048327646991335,0.0,2
0,0,0,1,0,1,0,0,0,1,0.999886012575548,0.0,0.0,0.9998436975792842,0.5,0.8743340836219977,0.0,0.0,0.0,0.0,0.0,0.9998316711376173,0.0,0.0,1
0,0,1,1,0,1,0,0,0,1,0.9996586489483338,0.0,0.0,0.9993971405472813,0.5,0.0,0.0,0.0,0.0,0.0,0.0,0.7048327646991335,0.0,0.0,1
0,0,0,1,1,1,0,0,0,1,0.9998038151765132,0.0,0.0,0.999712587029745,0.0,0.9884263702665559,0.0,0.0,0.0,0.0,0.0,0.999451662691701,0.7048327646991335,0.0,1
0,0,0,1,1,1,0,0,0,1,0.9997619223101386,0.0,0.0,0.999599358282994,0.0,0.9546042580002793,0.5,0.9935041053254982,0.0,0.0,0.0,0.9990879379128824,0.0,0.0,1
0,0,0,1,0,1,1,0,1,1,0.9997446370885585,0.9295534250454455,0.0,0.9994623145092971,0.0,0.9935697159376916,0.0,0.0,0.0,0.9625948815174468,0.0,0.9993284604048075,0.9848452496488564,0.0,2
1,0,1,1,1,1,1,0,1,1,0.9998539527962379,0.9861626192581294,0.0,0.999655881237641,0.0,0.9971705974191906,0.0,0.9801121043528216,0.9924215511869706,0.0,0.9858552219993699,0.9995669253917248,0.9950265092126607,0.0,2
0,1,1,1,1,1,0,0,1,1,0.9995822705505245,0.9867390064001997,0.0,0.9991678177650182,0.5,0.9950650618543119,0.0,0.0,0.9858552219993699,0.0,0.0,0.9958661634755189,0.0,0.0,2
0,0,1,1,0,1,0,0,0,1,0.9998048974096118,0.9879897312593258,0.0,0.9995666305826884,0.0,0.9921408959050638,0.0,0.9900536254420992,0.0,0.0,0.0,0.9991817231082549,0.0,0.0,2
0,0,1,1,1,1,0,0,1,1,0.9997531524852801,0.9897328294136366,0.0,0.9991753634503795,0.0,0.9959191599184657,0.0,0.9422841232473911,0.0,0.0,0.9882120923303974,0.9990205857383013,0.8948630865774932,0.0,2
0,0,1,1,0,1,0,0,1,1,0.9997685019111611,0.9864569418318746,0.0,0.9996617323525746,0.0,0.9949475682034096,0.0,0.0,0.9848452496488564,0.0,0.9903549838917163,0.9995315528642623,0.9734895107734577,0.0,2
0,0,1,1,1,1,1,0,1,1,0.9996053194725325,0.9807143934563513,0.0,0.9993409735559418,0.0,0.9890248844484466,0.9625948815174468,0.9892108674324538,0.7951672353008666,0.0,0.0,0.999080029871066,0.9710826421944466,0.0,2
0,0,1,1,1,1,0,0,1,1,0.9994099911120508,0.8743340836219977,0.0,0.9992886932877666,0.0,0.9625948815174468,0.0,0.0,0.9422841232473911,0.0,0.9906386193251066,0.998143970936879,0.9840878201759484,0.0,2
0,0,1,1,1,1,1,0,1,1,0.9998610000519104,0.9920426672725511,0.7048327646991335,0.9997440210140497,0.0,0.997079746297372,0.7951672353008666,0.9787871951889292,0.9895645450473826,0.0,0.0,0.9995191694476492,0.9734895107734577,0.0,2
0,1,1,1,0,1,0,0,0,1,0.9997369339933337,0.9974329987011614,0.0,0.9996174160482403,0.7048327646991335,0.9945120344597916,0.0,0.9912797266334235,0.0,0.0,0.0,0.9994116269952804,0.9858552219993699,0.0,2
0,0,1,1,1,1,0,0,1,1,0.9999504228820902,0.9723383008666762,0.0,0.9998861349015241,0.0,0.9978492657081862,0.0,0.9936970398904674,0.0,0.0,0.0,0.999640530940311,0.9898957727866763,0.0,2
0,0,0,1,1,1,1,0,0,1,0.9999052367121666,0.9916239074103248,0.0,0.9998405660508244,0.7048327646991335,0.9937588296381495,0.0,0.9939371378509365,0.9952491943685178,0.0,0.9875188587324953,0.9995030291623349,0.5,0.0,2
1,1,1,1,1,1,1,1,1,1,0.9999101327261238,0.9931548899066752,0.0,0.9997941074546665,0.9942127069499783,0.9963201579064958,0.0,0.7048327646991335,0.9745487773040165,0.0,0.5,0.9997022358625148,0.9772732390123643,0.0,2
0,1,1,1,0,1,0,0,1,1,0.9998439274921271,0.9710826421944466,0.5,0.9996018638590554,0.0,0.99723210538719,0.0,0.9973693547565877,0.5,0.0,0.0,0.9950650618543119,0.0,0.0,1
0,0,1,1,1,1,1,0,0,1,0.9999176216655262,0.9926828535826268,0.0,0.9998672879376391,0.0,0.9974636796649621,0.0,0.9787871951889292,0.9546042580002793,0.0,0.0,0.9989318470218674,0.9818158106487032,0.0,2
0,0,1,1,1,1,0,0,1,1,0.9998527025078651,0.7048327646991335,0.0,0.9998495699998774,0.0,0.992765995775228,0.0,0.9966669426410677,0.0,0.0,0.0,0.9998290035570623,0.9858552219993699,0.0,2
0,0,0,1,0,1,0,0,0,1,0.9997891987585761,0.0,0.0,0.9996345466690945,0.0,0.9935697159376916,0.0,0.5,0.5,0.0,0.0,0.9974226060966868,0.7048327646991335,0.0,1
0,1,1,1,1,1,0,0,0,1,0.9998261551729811,0.9836799920623798,0.0,0.9998131984289623,0.0,0.998004333269477,0.0,0.9960944062236294,0.0,0.0,0.0,0.9998586859574004,0.9723383008666762,0.0,1
0,0,0,1,0,0,0,0,1,1,0.9998238462213281,0.9844757663633736,0.0,0.9995945097539641,0.5,0.9925107011335056,0.0,0.9990733343191436,0.0,0.0,0.0,0.9997922937194851,0.9840878201759484,0.0,2
0,0,1,1,0,1,0,0,1,1,0.9999101961111379,0.909665529398267,0.0,0.9998762162620369,0.0,0.9918386551749466,0.0,0.9858552219993699,0.975526687091491,0.0,0.0,0.9998319821172906,0.0,0.0,1
0,0,0,1,0,1,0,0,0,1,0.9999007607533577,0.0,0.0,0.9998557725959503,0.0,0.9988144896899749,0.0,0.0,0.0,0.0,0.0,0.999143177135976,0.0,0.0,1
0,0,1,1,1,1,1,0,1,1,0.9998165889499412,0.7951672353008666,0.0,0.9995532493558846,0.0,0.8440417392452615,0.0,0.975526687091491,0.0,0.0,0.0,0.9980939584726495,0.9745487773040165,0.0,2
1,0,1,1,1,1,1,0,1,1,0.9998942140633919,0.7048327646991335,0.0,0.9997859382150723,0.0,0.8743340836219977,0.0,0.0,0.9916239074103248,0.0,0.0,0.9994870107698804,0.9924215511869706,0.0,2
0,1,0,1,0,1,1,0,1,1,0.9998694113305768,0.8743340836219977,0.0,0.9997833152662412,0.0,0.0,0.0,0.995284384229317,0.0,0.0,0.0,0.9994478580982282,0.975526687091491,0.0,2
0,1,1,1,1,1,1,0,1,1,0.9999200226420831,0.936548965138893,0.0,0.9998743348274578,0.9955168362771252,0.981281285356708,0.5,0.9959451518252151,0.9867390064001997,0.9576213907301072,0.0,0.9994971408847025,0.9903549838917163,0.0,2
0,1,1,1,0,1,1,0,1,1,0.999880782815557,0.991941952232675,0.0,0.9998410437555212,0.9942127069499783,0.7951672353008666,0.9208331516788689,0.9973363344879906,0.9961649875203987,0.0,0.0,0.9992918581648486,0.9858552219993699,0.0,2
0,0,0,1,1,1,1,0,1,1,0.9997984742794863,0.9681954974876473,0.0,0.9996129971465365,0.9208331516788689,0.9844757663633736,0.0,0.9902066222601985,0.9772732390123643,0.0,0.0,0.998082476364013,0.981281285356708,0.0,2
1,1,1,1,1,1,1,1,1,1,0.9998203161853055,0.8440417392452615,0.0,0.9997928344452014,0.0,0.9470706478808203,0.0,0.9772732390123643,0.8743340836219977,0.0,0.0,0.9994786080016156,0.9861626192581294,0.0,2
0,1,1,1,1,1,1,0,1,1,0.999841004056161,0.9422841232473911,0.0,0.9998235043648305,0.981281285356708,0.9923302533570547,0.5,0.9858552219993699,0.9864569418318746,0.0,0.0,0.9993621046499903,0.9844757663633736,0.0,2
1,0,1,1,1,1,1,0,1,1,0.9998665647111622,0.8948630865774932,0.0,0.9998834456672914,0.9858552219993699,0.9625948815174468,0.0,0.9818158106487032,0.9884263702665559,0.0,0.9855338591935681,0.9994563453308177,0.9930044599065526,0.0,2
0,0,1,1,1,1,1,0,0,1,0.9997720659702239,0.8440417392452615,0.0,0.99978828741307,0.9848452496488564,0.0,0.9903549838917163,0.9872693017980544,0.0,0.0,0.0,0.9990840009596551,0.9697076556232638,0.0,1
0,1,1,1,1,1,1,1,1,1,0.9997675722000434,0.9893906527347536,0.0,0.9997926995278845,0.0,0.9928472698424959,0.9851975571792263,0.9794709970445046,0.9780562887679781,0.0,0.0,0.9990021641833345,0.5,0.0,2
0,0,0,1,0,1,0,0,1,1,0.9997945725233071,0.0,0.0,0.9998688463610711,0.5,0.9470706478808203,0.0,0.998416371991927,0.0,0.0,0.0,0.9993646511367192,0.0,0.0,1
1,0,1,1,1,1,1,0,1,1,0.9998255836283729,0.7048327646991335,0.0,0.9998277077789378,0.975526687091491,0.9511254960556053,0.0,0.9801121043528216,0.9697076556232638,0.0,0.9794709970445046,0.9990175628595696,0.9897328294136366,0.0,2
0,0,1,1,1,1,1,0,0,1,0.9997281726158503,0.7048327646991335,0.0,0.9997163013679922,0.9780562887679781,0.0,0.9861626192581294,0.9832507137913893,0.0,0.0,0.0,0.9985055901337219,0.9764322622593172,0.0,1
0,1,1,1,1,1,1,1,1,1,0.9997858662131319,0.9879897312593258,0.0,0.9997773278256712,0.0,0.9913975537230216,0.9836799920623798,0.9902066222601985,0.9745487773040165,0.0,0.0,0.9988318916368278,0.7048327646991335,0.0,2
0,0,0,1,1,1,1,0,0,1,0.9998697852805299,0.9602629513889184,0.0,0.9997695076956733,0.0,0.0,0.0,0.0,0.0,0.0,0.0,0.9998776907272748,0.0,0.0,1
0,1,0,1,1,1,1,0,0,1,0.9998322477581995,0.0,0.0,0.9996132322636435,0.0,0.0,0.0,0.0,0.0,0.0,0.0,0.9997426759346415,0.0,0.0,1
0,0,1,1,0,1,1,0,1,1,0.9999080029237087,0.8743340836219977,0.0,0.9995618584502042,0.0,0.9930804923643742,0.0,0.9904989178192587,0.0,0.0,0.9897328294136366,0.9994540140512158,0.9848452496488564,0.0,2
0,1,0,1,1,1,0,0,0,1,0.9997947711959014,0.0,0.0,0.9997211477303315,0.0,0.0,0.0,0.9926828535826268,0.0,0.0,0.0,0.9996132322636435,0.0,0.0,1
0,1,0,1,1,1,0,0,0,1,0.9998421081946145,0.0,0.0,0.9996577313381565,0.0,0.8948630865774932,0.0,0.7951672353008666,0.0,0.0,0.0,0.9996203818146024,0.936548965138893,0.0,2
0,0,0,1,1,1,0,0,0,1,0.9996760205000463,0.0,0.0,0.9992483831445431,0.5,0.8948630865774932,0.8440417392452615,0.9861626192581294,0.7048327646991335,0.0,0.0,0.9994116269952804,0.8948630865774932,0.0,2
0,1,0,1,1,1,0,0,0,1,0.9998086505100102,0.8948630865774932,0.0,0.9995195323384942,0.0,0.9801121043528216,0.0,0.7951672353008666,0.0,0.0,0.0,0.9994756016240682,0.0,0.0,1
0,0,0,1,1,1,0,0,0,1,0.9997991735800473,0.8743340836219977,0.0,0.9995806194464579,0.0,0.9851975571792263,0.0,0.0,0.0,0.0,0.0,0.9996551355849972,0.9511254960556053,0.0,1
0,1,1,1,1,1,1,0,0,1,0.9998578656481827,0.9576213907301072,0.0,0.9995064963993433,0.0,0.7951672353008666,0.0,0.9818158106487032,0.0,0.0,0.0,0.9995162464666898,0.9422841232473911,0.0,2
0,1,0,1,0,1,0,0,1,1,0.9998940732501677,0.9884263702665559,0.0,0.999702375069665,0.0,0.9764322622593172,0.0,0.0,0.0,0.0,0.0,0.9994310816774841,0.9764322622593172,0.0,1
